Date,value
2020-12-14 00:00:00+09:00,1378.858642578125
2020-12-15 00:00:00+09:00,1370.7088623046875
2020-12-16 00:00:00+09:00,1383.7138671875
2020-12-17 00:00:00+09:00,1387.181640625
2020-12-18 00:00:00+09:00,1371.7491455078125
2020-12-19 00:00:00+09:00,1371.7491455078125
2020-12-20 00:00:00+09:00,1371.7491455078125
2020-12-21 00:00:00+09:00,1361.1719970703125
2020-12-22 00:00:00+09:00,1348.513916015625
2020-12-23 00:00:00+09:00,1338.6302490234375
2020-12-24 00:00:00+09:00,1342.6185302734375
2020-12-25 00:00:00+09:00,1350.5947265625
2020-12-26 00:00:00+09:00,1350.5947265625
2020-12-27 00:00:00+09:00,1350.5947265625
2020-12-28 00:00:00+09:00,1369.4952392578125
2020-12-29 00:00:00+09:00,1389.6092529296875
2020-12-30 00:00:00+09:00,1379.7254638671875
2020-12-31 00:00:00+09:00,1379.7254638671875
2021-01-01 00:00:00+09:00,1379.7254638671875
2021-01-02 00:00:00+09:00,1379.7254638671875
2021-01-03 00:00:00+09:00,1379.7254638671875
2021-01-04 00:00:00+09:00,1374.6971435546875
2021-01-05 00:00:00+09:00,1354.5828857421875
2021-01-06 00:00:00+09:00,1355.623291015625
2021-01-07 00:00:00+09:00,1355.623291015625
2021-01-08 00:00:00+09:00,1376.6043701171875
2021-01-09 00:00:00+09:00,1376.6043701171875
2021-01-10 00:00:00+09:00,1376.6043701171875
2021-01-11 00:00:00+09:00,1376.6043701171875
2021-01-12 00:00:00+09:00,1368.454833984375
2021-01-13 00:00:00+09:00,1360.4783935546875
2021-01-14 00:00:00+09:00,1363.42626953125
2021-01-15 00:00:00+09:00,1340.8843994140625
2021-01-16 00:00:00+09:00,1340.8843994140625
2021-01-17 00:00:00+09:00,1340.8843994140625
2021-01-18 00:00:00+09:00,1324.064697265625
2021-01-19 00:00:00+09:00,1336.5496826171875
2021-01-20 00:00:00+09:00,1332.7347412109375
2021-01-21 00:00:00+09:00,1342.791748046875
2021-01-22 00:00:00+09:00,1328.2264404296875
2021-01-23 00:00:00+09:00,1328.2264404296875
2021-01-24 00:00:00+09:00,1328.2264404296875
2021-01-25 00:00:00+09:00,1331.17431640625
2021-01-26 00:00:00+09:00,1300.48291015625
2021-01-27 00:00:00+09:00,1305.3380126953125
2021-01-28 00:00:00+09:00,1282.6229248046875
2021-01-29 00:00:00+09:00,1265.8033447265625
2021-01-30 00:00:00+09:00,1265.8033447265625
2021-01-31 00:00:00+09:00,1265.8033447265625
2021-02-01 00:00:00+09:00,1264.762939453125
2021-02-02 00:00:00+09:00,1292.6798095703125
2021-02-03 00:00:00+09:00,1349.3812255859375
2021-02-04 00:00:00+09:00,1345.392822265625
2021-02-05 00:00:00+09:00,1373.65673828125
2021-02-06 00:00:00+09:00,1373.65673828125
2021-02-07 00:00:00+09:00,1373.65673828125
2021-02-08 00:00:00+09:00,1393.597412109375
2021-02-09 00:00:00+09:00,1386.141357421875
2021-02-10 00:00:00+09:00,1409.723388671875
2021-02-11 00:00:00+09:00,1409.723388671875
2021-02-12 00:00:00+09:00,1458.794921875
2021-02-13 00:00:00+09:00,1458.794921875
2021-02-14 00:00:00+09:00,1458.794921875
2021-02-15 00:00:00+09:00,1466.2508544921875
2021-02-16 00:00:00+09:00,1439.7210693359375
2021-02-17 00:00:00+09:00,1430.0108642578125
2021-02-18 00:00:00+09:00,1403.3076171875
2021-02-19 00:00:00+09:00,1398.452392578125
2021-02-20 00:00:00+09:00,1398.452392578125
2021-02-21 00:00:00+09:00,1398.452392578125
2021-02-22 00:00:00+09:00,1397.585693359375
2021-02-23 00:00:00+09:00,1397.585693359375
2021-02-24 00:00:00+09:00,1368.281494140625
2021-02-25 00:00:00+09:00,1390.302734375
2021-02-26 00:00:00+09:00,1365.1600341796875
2021-02-27 00:00:00+09:00,1365.1600341796875
2021-02-28 00:00:00+09:00,1365.1600341796875
2021-03-01 00:00:00+09:00,1374.1767578125
2021-03-02 00:00:00+09:00,1373.8299560546875
2021-03-03 00:00:00+09:00,1382.153076171875
2021-03-04 00:00:00+09:00,1373.65673828125
2021-03-05 00:00:00+09:00,1381.8065185546875
2021-03-06 00:00:00+09:00,1381.8065185546875
2021-03-07 00:00:00+09:00,1381.8065185546875
2021-03-08 00:00:00+09:00,1380.419189453125
2021-03-09 00:00:00+09:00,1419.9539794921875
2021-03-10 00:00:00+09:00,1409.3765869140625
2021-03-11 00:00:00+09:00,1402.9609375
2021-03-12 00:00:00+09:00,1412.3243408203125
2021-03-13 00:00:00+09:00,1412.3243408203125
2021-03-14 00:00:00+09:00,1412.3243408203125
2021-03-15 00:00:00+09:00,1446.1368408203125
2021-03-16 00:00:00+09:00,1433.82568359375
2021-03-17 00:00:00+09:00,1440.5880126953125
2021-03-18 00:00:00+09:00,1499.89013671875
2021-03-19 00:00:00+09:00,1498.8497314453125
2021-03-20 00:00:00+09:00,1498.8497314453125
2021-03-21 00:00:00+09:00,1498.8497314453125
2021-03-22 00:00:00+09:00,1449.9517822265625
2021-03-23 00:00:00+09:00,1439.8946533203125
2021-03-24 00:00:00+09:00,1407.9892578125
2021-03-25 00:00:00+09:00,1414.4053955078125
2021-03-26 00:00:00+09:00,1449.4315185546875
2021-03-27 00:00:00+09:00,1449.4315185546875
2021-03-28 00:00:00+09:00,1449.4315185546875
2021-03-29 00:00:00+09:00,1467.8116455078125
2021-03-30 00:00:00+09:00,1473.450439453125
2021-03-31 00:00:00+09:00,1518.2069091796875
2021-04-01 00:00:00+09:00,1484.1988525390625
2021-04-02 00:00:00+09:00,1491.0709228515625
2021-04-03 00:00:00+09:00,1491.0709228515625
2021-04-04 00:00:00+09:00,1491.0709228515625
2021-04-05 00:00:00+09:00,1490.8946533203125
2021-04-06 00:00:00+09:00,1474.1549072265625
2021-04-07 00:00:00+09:00,1495.476318359375
2021-04-08 00:00:00+09:00,1483.31787109375
2021-04-09 00:00:00+09:00,1483.31787109375
2021-04-10 00:00:00+09:00,1483.31787109375
2021-04-11 00:00:00+09:00,1483.31787109375
2021-04-12 00:00:00+09:00,1486.3133544921875
2021-04-13 00:00:00+09:00,1499.00048828125
2021-04-14 00:00:00+09:00,1495.123779296875
2021-04-15 00:00:00+09:00,1509.044189453125
2021-04-16 00:00:00+09:00,1503.0531005859375
2021-04-17 00:00:00+09:00,1503.0531005859375
2021-04-18 00:00:00+09:00,1503.0531005859375
2021-04-19 00:00:00+09:00,1501.6435546875
2021-04-20 00:00:00+09:00,1483.31787109375
2021-04-21 00:00:00+09:00,1447.0191650390625
2021-04-22 00:00:00+09:00,1474.507568359375
2021-04-23 00:00:00+09:00,1458.4725341796875
2021-04-24 00:00:00+09:00,1458.4725341796875
2021-04-25 00:00:00+09:00,1458.4725341796875
2021-04-26 00:00:00+09:00,1456.3580322265625
2021-04-27 00:00:00+09:00,1439.970703125
2021-04-28 00:00:00+09:00,1462.3492431640625
2021-04-29 00:00:00+09:00,1462.3492431640625
2021-04-30 00:00:00+09:00,1432.0413818359375
2021-05-01 00:00:00+09:00,1432.0413818359375
2021-05-02 00:00:00+09:00,1432.0413818359375
2021-05-03 00:00:00+09:00,1432.0413818359375
2021-05-04 00:00:00+09:00,1432.0413818359375
2021-05-05 00:00:00+09:00,1432.0413818359375
2021-05-06 00:00:00+09:00,1473.6265869140625
2021-05-07 00:00:00+09:00,1473.8026123046875
2021-05-08 00:00:00+09:00,1473.8026123046875
2021-05-09 00:00:00+09:00,1473.8026123046875
2021-05-10 00:00:00+09:00,1498.82421875
2021-05-11 00:00:00+09:00,1469.7498779296875
2021-05-12 00:00:00+09:00,1501.8194580078125
2021-05-13 00:00:00+09:00,1478.736572265625
2021-05-14 00:00:00+09:00,1493.8902587890625
2021-05-15 00:00:00+09:00,1493.8902587890625
2021-05-16 00:00:00+09:00,1493.8902587890625
2021-05-17 00:00:00+09:00,1523.845458984375
2021-05-18 00:00:00+09:00,1553.977294921875
2021-05-19 00:00:00+09:00,1532.8321533203125
2021-05-20 00:00:00+09:00,1526.84130859375
2021-05-21 00:00:00+09:00,1540.58544921875
2021-05-22 00:00:00+09:00,1540.58544921875
2021-05-23 00:00:00+09:00,1540.58544921875
2021-05-24 00:00:00+09:00,1556.7965087890625
2021-05-25 00:00:00+09:00,1564.1973876953125
2021-05-26 00:00:00+09:00,1569.3072509765625
2021-05-27 00:00:00+09:00,1582.3466796875
2021-05-28 00:00:00+09:00,1609.6590576171875
2021-05-29 00:00:00+09:00,1609.6590576171875
2021-05-30 00:00:00+09:00,1609.6590576171875
2021-05-31 00:00:00+09:00,1606.134765625
2021-06-01 00:00:00+09:00,1660.4066162109375
2021-06-02 00:00:00+09:00,1696.529541015625
2021-06-03 00:00:00+09:00,1725.0753173828125
2021-06-04 00:00:00+09:00,1753.0924072265625
2021-06-05 00:00:00+09:00,1753.0924072265625
2021-06-06 00:00:00+09:00,1753.0924072265625
2021-06-07 00:00:00+09:00,1747.45361328125
2021-06-08 00:00:00+09:00,1736.704833984375
2021-06-09 00:00:00+09:00,1745.5150146484375
2021-06-10 00:00:00+09:00,1738.466796875
2021-06-11 00:00:00+09:00,1737.5859375
2021-06-12 00:00:00+09:00,1737.5859375
2021-06-13 00:00:00+09:00,1737.5859375
2021-06-14 00:00:00+09:00,1744.4578857421875
2021-06-15 00:00:00+09:00,1775.2943115234375
2021-06-16 00:00:00+09:00,1792.915283203125
2021-06-17 00:00:00+09:00,1802.6065673828125
2021-06-18 00:00:00+09:00,1732.6519775390625
2021-06-19 00:00:00+09:00,1732.6519775390625
2021-06-20 00:00:00+09:00,1732.6519775390625
2021-06-21 00:00:00+09:00,1698.29150390625
2021-06-22 00:00:00+09:00,1755.030517578125
2021-06-23 00:00:00+09:00,1723.6651611328125
2021-06-24 00:00:00+09:00,1731.066162109375
2021-06-25 00:00:00+09:00,1735.4713134765625
2021-06-26 00:00:00+09:00,1735.4713134765625
2021-06-27 00:00:00+09:00,1735.4713134765625
2021-06-28 00:00:00+09:00,1734.2379150390625
2021-06-29 00:00:00+09:00,1716.2646484375
2021-06-30 00:00:00+09:00,1710.9783935546875
2021-07-01 00:00:00+09:00,1707.4542236328125
2021-07-02 00:00:00+09:00,1730.3612060546875
2021-07-03 00:00:00+09:00,1730.3612060546875
2021-07-04 00:00:00+09:00,1730.3612060546875
2021-07-05 00:00:00+09:00,1721.9034423828125
2021-07-06 00:00:00+09:00,1725.77978515625
2021-07-07 00:00:00+09:00,1715.20751953125
2021-07-08 00:00:00+09:00,1704.8111572265625
2021-07-09 00:00:00+09:00,1700.40576171875
2021-07-10 00:00:00+09:00,1700.40576171875
2021-07-11 00:00:00+09:00,1700.40576171875
2021-07-12 00:00:00+09:00,1729.4803466796875
2021-07-13 00:00:00+09:00,1738.2906494140625
2021-07-14 00:00:00+09:00,1738.9954833984375
2021-07-15 00:00:00+09:00,1732.475830078125
2021-07-16 00:00:00+09:00,1738.466796875
2021-07-17 00:00:00+09:00,1738.466796875
2021-07-18 00:00:00+09:00,1738.466796875
2021-07-19 00:00:00+09:00,1716.2646484375
2021-07-20 00:00:00+09:00,1693.7099609375
2021-07-21 00:00:00+09:00,1713.6214599609375
2021-07-22 00:00:00+09:00,1713.6214599609375
2021-07-23 00:00:00+09:00,1713.6214599609375
2021-07-24 00:00:00+09:00,1713.6214599609375
2021-07-25 00:00:00+09:00,1713.6214599609375
2021-07-26 00:00:00+09:00,1731.947265625
2021-07-27 00:00:00+09:00,1739.347900390625
2021-07-28 00:00:00+09:00,1727.5419921875
2021-07-29 00:00:00+09:00,1736.704833984375
2021-07-30 00:00:00+09:00,1727.7183837890625
2021-07-31 00:00:00+09:00,1727.7183837890625
2021-08-01 00:00:00+09:00,1727.7183837890625
2021-08-02 00:00:00+09:00,1767.364990234375
2021-08-03 00:00:00+09:00,1771.7701416015625
2021-08-04 00:00:00+09:00,1756.79248046875
2021-08-05 00:00:00+09:00,1753.973388671875
2021-08-06 00:00:00+09:00,1733.532958984375
2021-08-07 00:00:00+09:00,1733.532958984375
2021-08-08 00:00:00+09:00,1733.532958984375
2021-08-09 00:00:00+09:00,1733.532958984375
2021-08-10 00:00:00+09:00,1740.2288818359375
2021-08-11 00:00:00+09:00,1757.3209228515625
2021-08-12 00:00:00+09:00,1755.030517578125
2021-08-13 00:00:00+09:00,1755.9114990234375
2021-08-14 00:00:00+09:00,1755.9114990234375
2021-08-15 00:00:00+09:00,1755.9114990234375
2021-08-16 00:00:00+09:00,1729.1278076171875
2021-08-17 00:00:00+09:00,1718.5552978515625
2021-08-18 00:00:00+09:00,1713.6214599609375
2021-08-19 00:00:00+09:00,1637.852294921875
2021-08-20 00:00:00+09:00,1570.89306640625
2021-08-21 00:00:00+09:00,1570.89306640625
2021-08-22 00:00:00+09:00,1570.89306640625
2021-08-23 00:00:00+09:00,1624.989013671875
2021-08-24 00:00:00+09:00,1633.799560546875
2021-08-25 00:00:00+09:00,1671.155517578125
2021-08-26 00:00:00+09:00,1675.208251953125
2021-08-27 00:00:00+09:00,1666.926513671875
2021-08-28 00:00:00+09:00,1666.926513671875
2021-08-29 00:00:00+09:00,1666.926513671875
2021-08-30 00:00:00+09:00,1679.9658203125
2021-08-31 00:00:00+09:00,1690.185791015625
2021-09-01 00:00:00+09:00,1700.75830078125
2021-09-02 00:00:00+09:00,1700.40576171875
2021-09-03 00:00:00+09:00,1719.0838623046875
2021-09-04 00:00:00+09:00,1719.0838623046875
2021-09-05 00:00:00+09:00,1719.0838623046875
2021-09-06 00:00:00+09:00,1755.3828125
2021-09-07 00:00:00+09:00,1762.959716796875
2021-09-08 00:00:00+09:00,1758.02587890625
2021-09-09 00:00:00+09:00,1744.1055908203125
2021-09-10 00:00:00+09:00,1754.8543701171875
2021-09-11 00:00:00+09:00,1754.8543701171875
2021-09-12 00:00:00+09:00,1754.8543701171875
2021-09-13 00:00:00+09:00,1725.956298828125
2021-09-14 00:00:00+09:00,1752.5633544921875
2021-09-15 00:00:00+09:00,1740.2288818359375
2021-09-16 00:00:00+09:00,1751.5062255859375
2021-09-17 00:00:00+09:00,1765.6029052734375
2021-09-18 00:00:00+09:00,1765.6029052734375
2021-09-19 00:00:00+09:00,1765.6029052734375
2021-09-20 00:00:00+09:00,1765.6029052734375
2021-09-21 00:00:00+09:00,1749.568115234375
2021-09-22 00:00:00+09:00,1730.3612060546875
2021-09-23 00:00:00+09:00,1730.3612060546875
2021-09-24 00:00:00+09:00,1779.6993408203125
2021-09-25 00:00:00+09:00,1779.6993408203125
2021-09-26 00:00:00+09:00,1779.6993408203125
2021-09-27 00:00:00+09:00,1820.227294921875
2021-09-28 00:00:00+09:00,1829.9185791015625
2021-09-29 00:00:00+09:00,1847.7454833984375
2021-09-30 00:00:00+09:00,1782.677734375
2021-10-01 00:00:00+09:00,1753.2635498046875
2021-10-02 00:00:00+09:00,1753.2635498046875
2021-10-03 00:00:00+09:00,1753.2635498046875
2021-10-04 00:00:00+09:00,1722.06689453125
2021-10-05 00:00:00+09:00,1695.326416015625
2021-10-06 00:00:00+09:00,1640.0634765625
2021-10-07 00:00:00+09:00,1665.912353515625
2021-10-08 00:00:00+09:00,1714.044677734375
2021-10-09 00:00:00+09:00,1714.044677734375
2021-10-10 00:00:00+09:00,1714.044677734375
2021-10-11 00:00:00+09:00,1771.0904541015625
2021-10-12 00:00:00+09:00,1784.906005859375
2021-10-13 00:00:00+09:00,1761.28564453125
2021-10-14 00:00:00+09:00,1769.75341796875
2021-10-15 00:00:00+09:00,1776.8841552734375
2021-10-16 00:00:00+09:00,1776.8841552734375
2021-10-17 00:00:00+09:00,1776.8841552734375
2021-10-18 00:00:00+09:00,1818.3314208984375
2021-10-19 00:00:00+09:00,1809.41796875
2021-10-20 00:00:00+09:00,1810.7548828125
2021-10-21 00:00:00+09:00,1767.9705810546875
2021-10-22 00:00:00+09:00,1767.9705810546875
2021-10-23 00:00:00+09:00,1767.9705810546875
2021-10-24 00:00:00+09:00,1767.9705810546875
2021-10-25 00:00:00+09:00,1734.9912109375
2021-10-26 00:00:00+09:00,1764.8511962890625
2021-10-27 00:00:00+09:00,1786.2430419921875
2021-10-28 00:00:00+09:00,1782.677734375
2021-10-29 00:00:00+09:00,1788.4715576171875
2021-10-30 00:00:00+09:00,1788.4715576171875
2021-10-31 00:00:00+09:00,1788.4715576171875
2021-11-01 00:00:00+09:00,1827.24462890625
2021-11-02 00:00:00+09:00,1825.4620361328125
2021-11-03 00:00:00+09:00,1825.4620361328125
2021-11-04 00:00:00+09:00,1838.83203125
2021-11-05 00:00:00+09:00,1813.874755859375
2021-11-06 00:00:00+09:00,1813.874755859375
2021-11-07 00:00:00+09:00,1813.874755859375
2021-11-08 00:00:00+09:00,1807.635498046875
2021-11-09 00:00:00+09:00,1778.2210693359375
2021-11-10 00:00:00+09:00,1787.580078125
2021-11-11 00:00:00+09:00,1809.41796875
2021-11-12 00:00:00+09:00,1852.64794921875
2021-11-13 00:00:00+09:00,1852.64794921875
2021-11-14 00:00:00+09:00,1852.64794921875
2021-11-15 00:00:00+09:00,1873.5943603515625
2021-11-16 00:00:00+09:00,1908.8021240234375
2021-11-17 00:00:00+09:00,1896.7691650390625
2021-11-18 00:00:00+09:00,1893.6495361328125
2021-11-19 00:00:00+09:00,1900.7802734375
2021-11-20 00:00:00+09:00,1900.7802734375
2021-11-21 00:00:00+09:00,1900.7802734375
2021-11-22 00:00:00+09:00,1876.2685546875
2021-11-23 00:00:00+09:00,1876.2685546875
2021-11-24 00:00:00+09:00,1893.6495361328125
2021-11-25 00:00:00+09:00,1882.5078125
2021-11-26 00:00:00+09:00,1849.08251953125
2021-11-27 00:00:00+09:00,1849.08251953125
2021-11-28 00:00:00+09:00,1849.08251953125
2021-11-29 00:00:00+09:00,1793.373779296875
2021-11-30 00:00:00+09:00,1783.5689697265625
2021-12-01 00:00:00+09:00,1823.233642578125
2021-12-02 00:00:00+09:00,1823.233642578125
2021-12-03 00:00:00+09:00,1853.0936279296875
2021-12-04 00:00:00+09:00,1853.0936279296875
2021-12-05 00:00:00+09:00,1853.0936279296875
2021-12-06 00:00:00+09:00,1841.506103515625
2021-12-07 00:00:00+09:00,1876.2685546875
2021-12-08 00:00:00+09:00,1843.2889404296875
2021-12-09 00:00:00+09:00,1833.038330078125
2021-12-10 00:00:00+09:00,1829.0274658203125
2021-12-11 00:00:00+09:00,1829.0274658203125
2021-12-12 00:00:00+09:00,1829.0274658203125
2021-12-13 00:00:00+09:00,1784.4605712890625
2021-12-14 00:00:00+09:00,1822.7880859375
2021-12-15 00:00:00+09:00,1888.3013916015625
2021-12-16 00:00:00+09:00,1907.0194091796875
2021-12-17 00:00:00+09:00,1874.0400390625
2021-12-18 00:00:00+09:00,1874.0400390625
2021-12-19 00:00:00+09:00,1874.0400390625
2021-12-20 00:00:00+09:00,1828.1361083984375
2021-12-21 00:00:00+09:00,1845.51708984375
2021-12-22 00:00:00+09:00,1833.038330078125
2021-12-23 00:00:00+09:00,1868.69189453125
2021-12-24 00:00:00+09:00,1868.69189453125
2021-12-25 00:00:00+09:00,1868.69189453125
2021-12-26 00:00:00+09:00,1868.69189453125
2021-12-27 00:00:00+09:00,1878.9423828125
2021-12-28 00:00:00+09:00,1901.2259521484375
2021-12-29 00:00:00+09:00,1881.170654296875
2021-12-30 00:00:00+09:00,1876.7139892578125
2021-12-31 00:00:00+09:00,1876.7139892578125
2022-01-01 00:00:00+09:00,1876.7139892578125
2022-01-02 00:00:00+09:00,1876.7139892578125
2022-01-03 00:00:00+09:00,1876.7139892578125
2022-01-04 00:00:00+09:00,1991.6966552734375
2022-01-05 00:00:00+09:00,2042.948974609375
2022-01-06 00:00:00+09:00,2036.2637939453125
2022-01-07 00:00:00+09:00,2056.764404296875
2022-01-08 00:00:00+09:00,2056.764404296875
2022-01-09 00:00:00+09:00,2056.764404296875
2022-01-10 00:00:00+09:00,2056.764404296875
2022-01-11 00:00:00+09:00,2069.68896484375
2022-01-12 00:00:00+09:00,2103.1142578125
2022-01-13 00:00:00+09:00,2149.9091796875
2022-01-14 00:00:00+09:00,2130.2998046875
2022-01-15 00:00:00+09:00,2130.2998046875
2022-01-16 00:00:00+09:00,2130.2998046875
2022-01-17 00:00:00+09:00,2159.714111328125
2022-01-18 00:00:00+09:00,2160.159423828125
2022-01-19 00:00:00+09:00,2052.753662109375
2022-01-20 00:00:00+09:00,2087.961181640625
2022-01-21 00:00:00+09:00,2036.2637939453125
2022-01-22 00:00:00+09:00,2036.2637939453125
2022-01-23 00:00:00+09:00,2036.2637939453125
2022-01-24 00:00:00+09:00,2030.915771484375
2022-01-25 00:00:00+09:00,1993.479736328125
2022-01-26 00:00:00+09:00,1980.1092529296875
2022-01-27 00:00:00+09:00,1927.966064453125
2022-01-28 00:00:00+09:00,1993.925048828125
2022-01-29 00:00:00+09:00,1993.925048828125
2022-01-30 00:00:00+09:00,1993.925048828125
2022-01-31 00:00:00+09:00,2001.50146484375
2022-02-01 00:00:00+09:00,1985.011962890625
2022-02-02 00:00:00+09:00,2026.458740234375
2022-02-03 00:00:00+09:00,2044.2860107421875
2022-02-04 00:00:00+09:00,2030.0242919921875
2022-02-05 00:00:00+09:00,2030.0242919921875
2022-02-06 00:00:00+09:00,2030.0242919921875
2022-02-07 00:00:00+09:00,2028.241455078125
2022-02-08 00:00:00+09:00,2046.5142822265625
2022-02-09 00:00:00+09:00,2065.677978515625
2022-02-10 00:00:00+09:00,2009.0780029296875
2022-02-11 00:00:00+09:00,2009.0780029296875
2022-02-12 00:00:00+09:00,2009.0780029296875
2022-02-13 00:00:00+09:00,2009.0780029296875
2022-02-14 00:00:00+09:00,1944.9014892578125
2022-02-15 00:00:00+09:00,1919.4984130859375
2022-02-16 00:00:00+09:00,1954.2606201171875
2022-02-17 00:00:00+09:00,1925.737548828125
2022-02-18 00:00:00+09:00,1946.684326171875
2022-02-19 00:00:00+09:00,1946.684326171875
2022-02-20 00:00:00+09:00,1946.684326171875
2022-02-21 00:00:00+09:00,1936.87939453125
2022-02-22 00:00:00+09:00,1892.7581787109375
2022-02-23 00:00:00+09:00,1892.7581787109375
2022-02-24 00:00:00+09:00,1863.78955078125
2022-02-25 00:00:00+09:00,1875.3770751953125
2022-02-26 00:00:00+09:00,1875.3770751953125
2022-02-27 00:00:00+09:00,1875.3770751953125
2022-02-28 00:00:00+09:00,1906.12841796875
2022-03-01 00:00:00+09:00,1901.2259521484375
2022-03-02 00:00:00+09:00,1816.994384765625
2022-03-03 00:00:00+09:00,1824.570556640625
2022-03-04 00:00:00+09:00,1759.5029296875
2022-03-05 00:00:00+09:00,1759.5029296875
2022-03-06 00:00:00+09:00,1759.5029296875
2022-03-07 00:00:00+09:00,1644.5203857421875
2022-03-08 00:00:00+09:00,1614.21484375
2022-03-09 00:00:00+09:00,1644.9658203125
2022-03-10 00:00:00+09:00,1734.10009765625
2022-03-11 00:00:00+09:00,1658.3359375
2022-03-12 00:00:00+09:00,1658.3359375
2022-03-13 00:00:00+09:00,1658.3359375
2022-03-14 00:00:00+09:00,1706.0225830078125
2022-03-15 00:00:00+09:00,1742.567626953125
2022-03-16 00:00:00+09:00,1774.65576171875
2022-03-17 00:00:00+09:00,1814.76611328125
2022-03-18 00:00:00+09:00,1800.504638671875
2022-03-19 00:00:00+09:00,1800.504638671875
2022-03-20 00:00:00+09:00,1800.504638671875
2022-03-21 00:00:00+09:00,1800.504638671875
2022-03-22 00:00:00+09:00,1831.701416015625
2022-03-23 00:00:00+09:00,1904.791015625
2022-03-24 00:00:00+09:00,1960.9456787109375
2022-03-25 00:00:00+09:00,1951.140869140625
2022-03-26 00:00:00+09:00,1951.140869140625
2022-03-27 00:00:00+09:00,1951.140869140625
2022-03-28 00:00:00+09:00,1962.7281494140625
2022-03-29 00:00:00+09:00,2015.3173828125
2022-03-30 00:00:00+09:00,2002.230712890625
2022-03-31 00:00:00+09:00,2005.8409423828125
2022-04-01 00:00:00+09:00,1990.046630859375
2022-04-02 00:00:00+09:00,1990.046630859375
2022-04-03 00:00:00+09:00,1990.046630859375
2022-04-04 00:00:00+09:00,1995.4617919921875
2022-04-05 00:00:00+09:00,2001.3282470703125
2022-04-06 00:00:00+09:00,1976.5091552734375
2022-04-07 00:00:00+09:00,1957.104736328125
2022-04-08 00:00:00+09:00,1891.221435546875
2022-04-09 00:00:00+09:00,1891.221435546875
2022-04-10 00:00:00+09:00,1891.221435546875
2022-04-11 00:00:00+09:00,1896.636474609375
2022-04-12 00:00:00+09:00,1867.7559814453125
2022-04-13 00:00:00+09:00,1912.8818359375
2022-04-14 00:00:00+09:00,1923.7119140625
2022-04-15 00:00:00+09:00,1949.43359375
2022-04-16 00:00:00+09:00,1949.43359375
2022-04-17 00:00:00+09:00,1949.43359375
2022-04-18 00:00:00+09:00,1944.9210205078125
2022-04-19 00:00:00+09:00,1964.7762451171875
2022-04-20 00:00:00+09:00,2038.331298828125
2022-04-21 00:00:00+09:00,2030.6600341796875
2022-04-22 00:00:00+09:00,1994.5594482421875
2022-04-23 00:00:00+09:00,1994.5594482421875
2022-04-24 00:00:00+09:00,1994.5594482421875
2022-04-25 00:00:00+09:00,1976.5091552734375
2022-04-26 00:00:00+09:00,1967.4837646484375
2022-04-27 00:00:00+09:00,1954.397216796875
2022-04-28 00:00:00+09:00,2017.5732421875
2022-04-29 00:00:00+09:00,2017.5732421875
2022-04-30 00:00:00+09:00,2017.5732421875
2022-05-01 00:00:00+09:00,2017.5732421875
2022-05-02 00:00:00+09:00,2010.804443359375
2022-05-03 00:00:00+09:00,2010.804443359375
2022-05-04 00:00:00+09:00,2010.804443359375
2022-05-05 00:00:00+09:00,2010.804443359375
2022-05-06 00:00:00+09:00,2054.125244140625
2022-05-07 00:00:00+09:00,2054.125244140625
2022-05-08 00:00:00+09:00,2054.125244140625
2022-05-09 00:00:00+09:00,2026.1473388671875
2022-05-10 00:00:00+09:00,1966.13037109375
2022-05-11 00:00:00+09:00,1879.0374755859375
2022-05-12 00:00:00+09:00,1850.1568603515625
2022-05-13 00:00:00+09:00,1854.66943359375
2022-05-14 00:00:00+09:00,1854.66943359375
2022-05-15 00:00:00+09:00,1854.66943359375
2022-05-16 00:00:00+09:00,1849.7056884765625
2022-05-17 00:00:00+09:00,1834.814208984375
2022-05-18 00:00:00+09:00,1844.7415771484375
2022-05-19 00:00:00+09:00,1809.543701171875
2022-05-20 00:00:00+09:00,1848.351806640625
2022-05-21 00:00:00+09:00,1848.351806640625
2022-05-22 00:00:00+09:00,1848.351806640625
2022-05-23 00:00:00+09:00,1860.5357666015625
2022-05-24 00:00:00+09:00,1850.1568603515625
2022-05-25 00:00:00+09:00,1844.2906494140625
2022-05-26 00:00:00+09:00,1879.0374755859375
2022-05-27 00:00:00+09:00,1880.84228515625
2022-05-28 00:00:00+09:00,1880.84228515625
2022-05-29 00:00:00+09:00,1880.84228515625
2022-05-30 00:00:00+09:00,1919.199462890625
2022-05-31 00:00:00+09:00,1915.58935546875
2022-06-01 00:00:00+09:00,1983.2781982421875
2022-06-02 00:00:00+09:00,1979.2164306640625
2022-06-03 00:00:00+09:00,1953.9464111328125
2022-06-04 00:00:00+09:00,1953.9464111328125
2022-06-05 00:00:00+09:00,1953.9464111328125
2022-06-06 00:00:00+09:00,1952.14111328125
2022-06-07 00:00:00+09:00,1976.9603271484375
2022-06-08 00:00:00+09:00,2012.6094970703125
2022-06-09 00:00:00+09:00,2020.7325439453125
2022-06-10 00:00:00+09:00,1988.6929931640625
2022-06-11 00:00:00+09:00,1988.6929931640625
2022-06-12 00:00:00+09:00,1988.6929931640625
2022-06-13 00:00:00+09:00,1923.7119140625
2022-06-14 00:00:00+09:00,1890.77001953125
2022-06-15 00:00:00+09:00,1877.232177734375
2022-06-16 00:00:00+09:00,1931.38330078125
2022-06-17 00:00:00+09:00,1861.8895263671875
2022-06-18 00:00:00+09:00,1861.8895263671875
2022-06-19 00:00:00+09:00,1861.8895263671875
2022-06-20 00:00:00+09:00,1885.80615234375
2022-06-21 00:00:00+09:00,1930.0296630859375
2022-06-22 00:00:00+09:00,1945.8233642578125
2022-06-23 00:00:00+09:00,1919.199462890625
2022-06-24 00:00:00+09:00,1905.66162109375
2022-06-25 00:00:00+09:00,1905.66162109375
2022-06-26 00:00:00+09:00,1905.66162109375
2022-06-27 00:00:00+09:00,1914.686767578125
2022-06-28 00:00:00+09:00,1956.202392578125
2022-06-29 00:00:00+09:00,1920.552978515625
2022-06-30 00:00:00+09:00,1895.28271484375
2022-07-01 00:00:00+09:00,1865.4996337890625
2022-07-02 00:00:00+09:00,1865.4996337890625
2022-07-03 00:00:00+09:00,1865.4996337890625
2022-07-04 00:00:00+09:00,1907.0155029296875
2022-07-05 00:00:00+09:00,1910.174072265625
2022-07-06 00:00:00+09:00,1857.3770751953125
2022-07-07 00:00:00+09:00,1899.7952880859375
2022-07-08 00:00:00+09:00,1905.2103271484375
2022-07-09 00:00:00+09:00,1905.2103271484375
2022-07-10 00:00:00+09:00,1905.2103271484375
2022-07-11 00:00:00+09:00,1942.2135009765625
2022-07-12 00:00:00+09:00,1910.174072265625
2022-07-13 00:00:00+09:00,1926.41943359375
2022-07-14 00:00:00+09:00,1926.8707275390625
2022-07-15 00:00:00+09:00,1952.14111328125
2022-07-16 00:00:00+09:00,1952.14111328125
2022-07-17 00:00:00+09:00,1952.14111328125
2022-07-18 00:00:00+09:00,1952.14111328125
2022-07-19 00:00:00+09:00,1964.7762451171875
2022-07-20 00:00:00+09:00,1980.1190185546875
2022-07-21 00:00:00+09:00,1979.667724609375
2022-07-22 00:00:00+09:00,1987.7904052734375
2022-07-23 00:00:00+09:00,1987.7904052734375
2022-07-24 00:00:00+09:00,1987.7904052734375
2022-07-25 00:00:00+09:00,1954.8486328125
2022-07-26 00:00:00+09:00,1954.8486328125
2022-07-27 00:00:00+09:00,1957.5562744140625
2022-07-28 00:00:00+09:00,1917.8455810546875
2022-07-29 00:00:00+09:00,1928.675537109375
2022-07-30 00:00:00+09:00,1928.675537109375
2022-07-31 00:00:00+09:00,1928.675537109375
2022-08-01 00:00:00+09:00,1996.364501953125
2022-08-02 00:00:00+09:00,1944.4696044921875
2022-08-03 00:00:00+09:00,1945.8233642578125
2022-08-04 00:00:00+09:00,1887.611328125
2022-08-05 00:00:00+09:00,1916.04052734375
2022-08-06 00:00:00+09:00,1916.04052734375
2022-08-07 00:00:00+09:00,1916.04052734375
2022-08-08 00:00:00+09:00,1909.722900390625
2022-08-09 00:00:00+09:00,1873.6224365234375
2022-08-10 00:00:00+09:00,1884.4525146484375
2022-08-11 00:00:00+09:00,1884.4525146484375
2022-08-12 00:00:00+09:00,1926.8707275390625
2022-08-13 00:00:00+09:00,1926.8707275390625
2022-08-14 00:00:00+09:00,1926.8707275390625
2022-08-15 00:00:00+09:00,1924.614501953125
2022-08-16 00:00:00+09:00,1914.2354736328125
2022-08-17 00:00:00+09:00,1970.1915283203125
2022-08-18 00:00:00+09:00,1934.5419921875
2022-08-19 00:00:00+09:00,1940.4085693359375
2022-08-20 00:00:00+09:00,1940.4085693359375
2022-08-21 00:00:00+09:00,1940.4085693359375
2022-08-22 00:00:00+09:00,1940.4085693359375
2022-08-23 00:00:00+09:00,1902.051513671875
2022-08-24 00:00:00+09:00,1895.28271484375
2022-08-25 00:00:00+09:00,1903.4052734375
2022-08-26 00:00:00+09:00,1902.502685546875
2022-08-27 00:00:00+09:00,1902.502685546875
2022-08-28 00:00:00+09:00,1902.502685546875
2022-08-29 00:00:00+09:00,1886.2574462890625
2022-08-30 00:00:00+09:00,1899.7952880859375
2022-08-31 00:00:00+09:00,1896.636474609375
2022-09-01 00:00:00+09:00,1852.4130859375
2022-09-02 00:00:00+09:00,1849.2542724609375
2022-09-03 00:00:00+09:00,1849.2542724609375
2022-09-04 00:00:00+09:00,1849.2542724609375
2022-09-05 00:00:00+09:00,1838.424072265625
2022-09-06 00:00:00+09:00,1848.80322265625
2022-09-07 00:00:00+09:00,1836.167724609375
2022-09-08 00:00:00+09:00,1877.6837158203125
2022-09-09 00:00:00+09:00,1875.8785400390625
2022-09-10 00:00:00+09:00,1875.8785400390625
2022-09-11 00:00:00+09:00,1875.8785400390625
2022-09-12 00:00:00+09:00,1868.207275390625
2022-09-13 00:00:00+09:00,1865.4996337890625
2022-09-14 00:00:00+09:00,1839.32666015625
2022-09-15 00:00:00+09:00,1841.1317138671875
2022-09-16 00:00:00+09:00,1832.557861328125
2022-09-17 00:00:00+09:00,1832.557861328125
2022-09-18 00:00:00+09:00,1832.557861328125
2022-09-19 00:00:00+09:00,1832.557861328125
2022-09-20 00:00:00+09:00,1848.80322265625
2022-09-21 00:00:00+09:00,1805.031005859375
2022-09-22 00:00:00+09:00,1830.3016357421875
2022-09-23 00:00:00+09:00,1830.3016357421875
2022-09-24 00:00:00+09:00,1830.3016357421875
2022-09-25 00:00:00+09:00,1830.3016357421875
2022-09-26 00:00:00+09:00,1771.637939453125
2022-09-27 00:00:00+09:00,1792.3958740234375
2022-09-28 00:00:00+09:00,1763.064208984375
2022-09-29 00:00:00+09:00,1790.490478515625
2022-09-30 00:00:00+09:00,1715.0677490234375
2022-10-01 00:00:00+09:00,1715.0677490234375
2022-10-02 00:00:00+09:00,1715.0677490234375
2022-10-03 00:00:00+09:00,1774.948974609375
2022-10-04 00:00:00+09:00,1832.0872802734375
2022-10-05 00:00:00+09:00,1829.3448486328125
2022-10-06 00:00:00+09:00,1828.4305419921875
2022-10-07 00:00:00+09:00,1815.1744384765625
2022-10-08 00:00:00+09:00,1815.1744384765625
2022-10-09 00:00:00+09:00,1815.1744384765625
2022-10-10 00:00:00+09:00,1815.1744384765625
2022-10-11 00:00:00+09:00,1797.8043212890625
2022-10-12 00:00:00+09:00,1819.288330078125
2022-10-13 00:00:00+09:00,1813.3458251953125
2022-10-14 00:00:00+09:00,1835.744140625
2022-10-15 00:00:00+09:00,1835.744140625
2022-10-16 00:00:00+09:00,1835.744140625
2022-10-17 00:00:00+09:00,1828.4305419921875
2022-10-18 00:00:00+09:00,1835.287109375
2022-10-19 00:00:00+09:00,1831.6302490234375
2022-10-20 00:00:00+09:00,1832.0872802734375
2022-10-21 00:00:00+09:00,1817.0028076171875
2022-10-22 00:00:00+09:00,1817.0028076171875
2022-10-23 00:00:00+09:00,1817.0028076171875
2022-10-24 00:00:00+09:00,1825.2305908203125
2022-10-25 00:00:00+09:00,1843.057861328125
2022-10-26 00:00:00+09:00,1846.7149658203125
2022-10-27 00:00:00+09:00,1827.5162353515625
2022-10-28 00:00:00+09:00,1855.85693359375
2022-10-29 00:00:00+09:00,1855.85693359375
2022-10-30 00:00:00+09:00,1855.85693359375
2022-10-31 00:00:00+09:00,1882.8262939453125
2022-11-01 00:00:00+09:00,1846.2576904296875
2022-11-02 00:00:00+09:00,1841.6866455078125
2022-11-03 00:00:00+09:00,1841.6866455078125
2022-11-04 00:00:00+09:00,1814.7171630859375
2022-11-05 00:00:00+09:00,1814.7171630859375
2022-11-06 00:00:00+09:00,1814.7171630859375
2022-11-07 00:00:00+09:00,1822.031005859375
2022-11-08 00:00:00+09:00,1831.1732177734375
2022-11-09 00:00:00+09:00,1817.9168701171875
2022-11-10 00:00:00+09:00,1790.490478515625
2022-11-11 00:00:00+09:00,1829.3448486328125
2022-11-12 00:00:00+09:00,1829.3448486328125
2022-11-13 00:00:00+09:00,1829.3448486328125
2022-11-14 00:00:00+09:00,1815.63134765625
2022-11-15 00:00:00+09:00,1826.60205078125
2022-11-16 00:00:00+09:00,1824.773681640625
2022-11-17 00:00:00+09:00,1822.4881591796875
2022-11-18 00:00:00+09:00,1822.031005859375
2022-11-19 00:00:00+09:00,1822.031005859375
2022-11-20 00:00:00+09:00,1822.031005859375
2022-11-21 00:00:00+09:00,1831.1732177734375
2022-11-22 00:00:00+09:00,1874.14111328125
2022-11-23 00:00:00+09:00,1874.14111328125
2022-11-24 00:00:00+09:00,1870.94140625
2022-11-25 00:00:00+09:00,1878.2552490234375
2022-11-26 00:00:00+09:00,1878.2552490234375
2022-11-27 00:00:00+09:00,1878.2552490234375
2022-11-28 00:00:00+09:00,1858.599609375
2022-11-29 00:00:00+09:00,1833.4586181640625
2022-11-30 00:00:00+09:00,1838.02978515625
2022-12-01 00:00:00+09:00,1827.0592041015625
2022-12-02 00:00:00+09:00,1801.918212890625
2022-12-03 00:00:00+09:00,1801.918212890625
2022-12-04 00:00:00+09:00,1801.918212890625
2022-12-05 00:00:00+09:00,1783.6339111328125
2022-12-06 00:00:00+09:00,1776.7772216796875
2022-12-07 00:00:00+09:00,1782.2625732421875
2022-12-08 00:00:00+09:00,1772.2061767578125
2022-12-09 00:00:00+09:00,1786.37646484375
2022-12-10 00:00:00+09:00,1786.37646484375
2022-12-11 00:00:00+09:00,1786.37646484375
2022-12-12 00:00:00+09:00,1794.6044921875
2022-12-13 00:00:00+09:00,1799.6328125
2022-12-14 00:00:00+09:00,1808.317626953125
2022-12-15 00:00:00+09:00,1808.7747802734375
2022-12-16 00:00:00+09:00,1774.4918212890625
2022-12-17 00:00:00+09:00,1774.4918212890625
2022-12-18 00:00:00+09:00,1774.4918212890625
2022-12-19 00:00:00+09:00,1746.151123046875
2022-12-20 00:00:00+09:00,1686.7271728515625
2022-12-21 00:00:00+09:00,1652.9012451171875
2022-12-22 00:00:00+09:00,1683.0703125
2022-12-23 00:00:00+09:00,1662.0433349609375
2022-12-24 00:00:00+09:00,1662.0433349609375
2022-12-25 00:00:00+09:00,1662.0433349609375
2022-12-26 00:00:00+09:00,1666.6143798828125
2022-12-27 00:00:00+09:00,1661.586181640625
2022-12-28 00:00:00+09:00,1662.9576416015625
2022-12-29 00:00:00+09:00,1661.12890625
2022-12-30 00:00:00+09:00,1657.01513671875
2022-12-31 00:00:00+09:00,1657.01513671875
2023-01-01 00:00:00+09:00,1657.01513671875
2023-01-02 00:00:00+09:00,1657.01513671875
2023-01-03 00:00:00+09:00,1657.01513671875
2023-01-04 00:00:00+09:00,1644.6732177734375
2023-01-05 00:00:00+09:00,1652.444091796875
2023-01-06 00:00:00+09:00,1668.44287109375
2023-01-07 00:00:00+09:00,1668.44287109375
2023-01-08 00:00:00+09:00,1668.44287109375
2023-01-09 00:00:00+09:00,1668.44287109375
2023-01-10 00:00:00+09:00,1670.2713623046875
2023-01-11 00:00:00+09:00,1679.8704833984375
2023-01-12 00:00:00+09:00,1698.15478515625
2023-01-13 00:00:00+09:00,1659.7579345703125
2023-01-14 00:00:00+09:00,1659.7579345703125
2023-01-15 00:00:00+09:00,1659.7579345703125
2023-01-16 00:00:00+09:00,1661.586181640625
2023-01-17 00:00:00+09:00,1703.182861328125
2023-01-18 00:00:00+09:00,1745.6939697265625
2023-01-19 00:00:00+09:00,1704.5543212890625
2023-01-20 00:00:00+09:00,1721.4674072265625
2023-01-21 00:00:00+09:00,1721.4674072265625
2023-01-22 00:00:00+09:00,1721.4674072265625
2023-01-23 00:00:00+09:00,1726.9525146484375
2023-01-24 00:00:00+09:00,1747.5223388671875
2023-01-25 00:00:00+09:00,1741.5799560546875
2023-01-26 00:00:00+09:00,1730.6094970703125
2023-01-27 00:00:00+09:00,1737.466064453125
2023-01-28 00:00:00+09:00,1737.466064453125
2023-01-29 00:00:00+09:00,1737.466064453125
2023-01-30 00:00:00+09:00,1738.8372802734375
2023-01-31 00:00:00+09:00,1733.80908203125
2023-02-01 00:00:00+09:00,1739.751708984375
2023-02-02 00:00:00+09:00,1719.181884765625
2023-02-03 00:00:00+09:00,1729.238037109375
2023-02-04 00:00:00+09:00,1729.238037109375
2023-02-05 00:00:00+09:00,1729.238037109375
2023-02-06 00:00:00+09:00,1749.3509521484375
2023-02-07 00:00:00+09:00,1734.266357421875
2023-02-08 00:00:00+09:00,1734.7232666015625
2023-02-09 00:00:00+09:00,1737.923095703125
2023-02-10 00:00:00+09:00,1717.810546875
2023-02-11 00:00:00+09:00,1717.810546875
2023-02-12 00:00:00+09:00,1717.810546875
2023-02-13 00:00:00+09:00,1715.52490234375
2023-02-14 00:00:00+09:00,1721.0101318359375
2023-02-15 00:00:00+09:00,1713.2393798828125
2023-02-16 00:00:00+09:00,1748.8939208984375
2023-02-17 00:00:00+09:00,1743.86572265625
2023-02-18 00:00:00+09:00,1743.86572265625
2023-02-19 00:00:00+09:00,1743.86572265625
2023-02-20 00:00:00+09:00,1739.2945556640625
2023-02-21 00:00:00+09:00,1727.8668212890625
2023-02-22 00:00:00+09:00,1705.0115966796875
2023-02-23 00:00:00+09:00,1705.0115966796875
2023-02-24 00:00:00+09:00,1698.61181640625
2023-02-25 00:00:00+09:00,1698.61181640625
2023-02-26 00:00:00+09:00,1698.61181640625
2023-02-27 00:00:00+09:00,1697.69775390625
2023-02-28 00:00:00+09:00,1702.725830078125
2023-03-01 00:00:00+09:00,1703.64013671875
2023-03-02 00:00:00+09:00,1703.64013671875
2023-03-03 00:00:00+09:00,1722.838623046875
2023-03-04 00:00:00+09:00,1722.838623046875
2023-03-05 00:00:00+09:00,1722.838623046875
2023-03-06 00:00:00+09:00,1742.037109375
2023-03-07 00:00:00+09:00,1750.2650146484375
2023-03-08 00:00:00+09:00,1743.86572265625
2023-03-09 00:00:00+09:00,1754.836181640625
2023-03-10 00:00:00+09:00,1733.3521728515625
2023-03-11 00:00:00+09:00,1733.3521728515625
2023-03-12 00:00:00+09:00,1733.3521728515625
2023-03-13 00:00:00+09:00,1704.09716796875
2023-03-14 00:00:00+09:00,1653.8153076171875
2023-03-15 00:00:00+09:00,1656.5582275390625
2023-03-16 00:00:00+09:00,1636.445068359375
2023-03-17 00:00:00+09:00,1632.7884521484375
2023-03-18 00:00:00+09:00,1632.7884521484375
2023-03-19 00:00:00+09:00,1632.7884521484375
2023-03-20 00:00:00+09:00,1615.4183349609375
2023-03-21 00:00:00+09:00,1615.4183349609375
2023-03-22 00:00:00+09:00,1646.5015869140625
2023-03-23 00:00:00+09:00,1633.7027587890625
2023-03-24 00:00:00+09:00,1630.9599609375
2023-03-25 00:00:00+09:00,1630.9599609375
2023-03-26 00:00:00+09:00,1630.9599609375
2023-03-27 00:00:00+09:00,1636.445068359375
2023-03-28 00:00:00+09:00,1650.6156005859375
2023-03-29 00:00:00+09:00,1693.126708984375
2023-03-30 00:00:00+09:00,1716.422119140625
2023-03-31 00:00:00+09:00,1751.8316650390625
2023-04-01 00:00:00+09:00,1751.8316650390625
2023-04-02 00:00:00+09:00,1751.8316650390625
2023-04-03 00:00:00+09:00,1767.6727294921875
2023-04-04 00:00:00+09:00,1769.536376953125
2023-04-05 00:00:00+09:00,1726.2064208984375
2023-04-06 00:00:00+09:00,1701.97900390625
2023-04-07 00:00:00+09:00,1695.4561767578125
2023-04-08 00:00:00+09:00,1695.4561767578125
2023-04-09 00:00:00+09:00,1695.4561767578125
2023-04-10 00:00:00+09:00,1702.9107666015625
2023-04-11 00:00:00+09:00,1701.51318359375
2023-04-12 00:00:00+09:00,1699.183349609375
2023-04-13 00:00:00+09:00,1688.9334716796875
2023-04-14 00:00:00+09:00,1684.740234375
2023-04-15 00:00:00+09:00,1684.740234375
2023-04-16 00:00:00+09:00,1684.740234375
2023-04-17 00:00:00+09:00,1708.9676513671875
2023-04-18 00:00:00+09:00,1708.501708984375
2023-04-19 00:00:00+09:00,1698.717529296875
2023-04-20 00:00:00+09:00,1689.8651123046875
2023-04-21 00:00:00+09:00,1679.1492919921875
2023-04-22 00:00:00+09:00,1679.1492919921875
2023-04-23 00:00:00+09:00,1679.1492919921875
2023-04-24 00:00:00+09:00,1675.422119140625
2023-04-25 00:00:00+09:00,1677.28564453125
2023-04-26 00:00:00+09:00,1680.546875
2023-04-27 00:00:00+09:00,1700.581298828125
2023-04-28 00:00:00+09:00,1730.399658203125
2023-04-29 00:00:00+09:00,1730.399658203125
2023-04-30 00:00:00+09:00,1730.399658203125
2023-05-01 00:00:00+09:00,1746.24072265625
2023-05-02 00:00:00+09:00,1737.3883056640625
2023-05-03 00:00:00+09:00,1737.3883056640625
2023-05-04 00:00:00+09:00,1737.3883056640625
2023-05-05 00:00:00+09:00,1737.3883056640625
2023-05-06 00:00:00+09:00,1737.3883056640625
2023-05-07 00:00:00+09:00,1737.3883056640625
2023-05-08 00:00:00+09:00,1729.4677734375
2023-05-09 00:00:00+09:00,1785.84326171875
2023-05-10 00:00:00+09:00,1799.820556640625
2023-05-11 00:00:00+09:00,1785.3773193359375
2023-05-12 00:00:00+09:00,1809.6048583984375
2023-05-13 00:00:00+09:00,1809.6048583984375
2023-05-14 00:00:00+09:00,1809.6048583984375
2023-05-15 00:00:00+09:00,1801.2183837890625
2023-05-16 00:00:00+09:00,1792.365966796875
2023-05-17 00:00:00+09:00,1796.5592041015625
2023-05-18 00:00:00+09:00,1822.1844482421875
2023-05-19 00:00:00+09:00,1825.911865234375
2023-05-20 00:00:00+09:00,1825.911865234375
2023-05-21 00:00:00+09:00,1825.911865234375
2023-05-22 00:00:00+09:00,1817.0594482421875
2023-05-23 00:00:00+09:00,1730.399658203125
2023-05-24 00:00:00+09:00,1823.1162109375
2023-05-25 00:00:00+09:00,1806.3433837890625
2023-05-26 00:00:00+09:00,1804.9456787109375
2023-05-27 00:00:00+09:00,1804.9456787109375
2023-05-28 00:00:00+09:00,1804.9456787109375
2023-05-29 00:00:00+09:00,1797.0252685546875
2023-05-30 00:00:00+09:00,1807.7412109375
2023-05-31 00:00:00+09:00,1778.388671875
2023-06-01 00:00:00+09:00,1810.53662109375
2023-06-02 00:00:00+09:00,1872.5029296875
2023-06-03 00:00:00+09:00,1872.5029296875
2023-06-04 00:00:00+09:00,1872.5029296875
2023-06-05 00:00:00+09:00,1890.207763671875
2023-06-06 00:00:00+09:00,1910.2418212890625
2023-06-07 00:00:00+09:00,1884.15087890625
2023-06-08 00:00:00+09:00,1886.014404296875
2023-06-09 00:00:00+09:00,1911.6396484375
2023-06-10 00:00:00+09:00,1911.6396484375
2023-06-11 00:00:00+09:00,1911.6396484375
2023-06-12 00:00:00+09:00,1927.946533203125
2023-06-13 00:00:00+09:00,2025.3223876953125
2023-06-14 00:00:00+09:00,2152.5166015625
2023-06-15 00:00:00+09:00,2162.300537109375
2023-06-16 00:00:00+09:00,2158.107177734375
2023-06-17 00:00:00+09:00,2158.107177734375
2023-06-18 00:00:00+09:00,2158.107177734375
2023-06-19 00:00:00+09:00,2099.402587890625
2023-06-20 00:00:00+09:00,2091.01611328125
2023-06-21 00:00:00+09:00,2067.254638671875
2023-06-22 00:00:00+09:00,2087.754638671875
2023-06-23 00:00:00+09:00,2049.550048828125
2023-06-24 00:00:00+09:00,2049.550048828125
2023-06-25 00:00:00+09:00,2049.550048828125
2023-06-26 00:00:00+09:00,2069.584228515625
2023-06-27 00:00:00+09:00,2084.4931640625
2023-06-28 00:00:00+09:00,2143.1982421875
2023-06-29 00:00:00+09:00,2139.00537109375
2023-06-30 00:00:00+09:00,2151.11865234375
2023-07-01 00:00:00+09:00,2151.11865234375
2023-07-02 00:00:00+09:00,2151.11865234375
2023-07-03 00:00:00+09:00,2166.959716796875
2023-07-04 00:00:00+09:00,2178.607666015625
2023-07-05 00:00:00+09:00,2181.403076171875
2023-07-06 00:00:00+09:00,2168.357666015625
2023-07-07 00:00:00+09:00,2142.732177734375
2023-07-08 00:00:00+09:00,2142.732177734375
2023-07-09 00:00:00+09:00,2142.732177734375
2023-07-10 00:00:00+09:00,2105.92529296875
2023-07-11 00:00:00+09:00,2060.265869140625
2023-07-12 00:00:00+09:00,2048.152099609375
2023-07-13 00:00:00+09:00,2060.731689453125
2023-07-14 00:00:00+09:00,2066.78857421875
2023-07-15 00:00:00+09:00,2066.78857421875
2023-07-16 00:00:00+09:00,2066.78857421875
2023-07-17 00:00:00+09:00,2066.78857421875
2023-07-18 00:00:00+09:00,2087.288818359375
2023-07-19 00:00:00+09:00,2134.811767578125
2023-07-20 00:00:00+09:00,2131.08447265625
2023-07-21 00:00:00+09:00,2131.550537109375
2023-07-22 00:00:00+09:00,2131.550537109375
2023-07-23 00:00:00+09:00,2131.550537109375
2023-07-24 00:00:00+09:00,2165.56201171875
2023-07-25 00:00:00+09:00,2184.66455078125
2023-07-26 00:00:00+09:00,2163.69873046875
2023-07-27 00:00:00+09:00,2162.300537109375
2023-07-28 00:00:00+09:00,2152.5166015625
2023-07-29 00:00:00+09:00,2152.5166015625
2023-07-30 00:00:00+09:00,2152.5166015625
2023-07-31 00:00:00+09:00,2223.335205078125
2023-08-01 00:00:00+09:00,2278.77880859375
2023-08-02 00:00:00+09:00,2331.892822265625
2023-08-03 00:00:00+09:00,2243.369384765625
2023-08-04 00:00:00+09:00,2271.32421875
2023-08-05 00:00:00+09:00,2271.32421875
2023-08-06 00:00:00+09:00,2271.32421875
2023-08-07 00:00:00+09:00,2277.381103515625
2023-08-08 00:00:00+09:00,2258.27880859375
2023-08-09 00:00:00+09:00,2232.187255859375
2023-08-10 00:00:00+09:00,2263.40380859375
2023-08-11 00:00:00+09:00,2263.40380859375
2023-08-12 00:00:00+09:00,2263.40380859375
2023-08-13 00:00:00+09:00,2263.40380859375
2023-08-14 00:00:00+09:00,2243.83544921875
2023-08-15 00:00:00+09:00,2254.085205078125
2023-08-16 00:00:00+09:00,2208.891845703125
2023-08-17 00:00:00+09:00,2214.94921875
2023-08-18 00:00:00+09:00,2188.857666015625
2023-08-19 00:00:00+09:00,2188.857666015625
2023-08-20 00:00:00+09:00,2188.857666015625
2023-08-21 00:00:00+09:00,2195.84619140625
2023-08-22 00:00:00+09:00,2251.755615234375
2023-08-23 00:00:00+09:00,2246.1650390625
2023-08-24 00:00:00+09:00,2236.380859375
2023-08-25 00:00:00+09:00,2231.7216796875
2023-08-26 00:00:00+09:00,2231.7216796875
2023-08-27 00:00:00+09:00,2231.7216796875
2023-08-28 00:00:00+09:00,2270.392333984375
2023-08-29 00:00:00+09:00,2265.7333984375
2023-08-30 00:00:00+09:00,2289.02880859375
2023-08-31 00:00:00+09:00,2343.540771484375
2023-09-01 00:00:00+09:00,2347.734130859375
2023-09-02 00:00:00+09:00,2347.734130859375
2023-09-03 00:00:00+09:00,2347.734130859375
2023-09-04 00:00:00+09:00,2420.416259765625
2023-09-05 00:00:00+09:00,2412.495849609375
2023-09-06 00:00:00+09:00,2470.268798828125
2023-09-07 00:00:00+09:00,2457.223388671875
2023-09-08 00:00:00+09:00,2425.54150390625
2023-09-09 00:00:00+09:00,2425.54150390625
2023-09-10 00:00:00+09:00,2425.54150390625
2023-09-11 00:00:00+09:00,2418.086669921875
2023-09-12 00:00:00+09:00,2475.860107421875
2023-09-13 00:00:00+09:00,2522.916748046875
2023-09-14 00:00:00+09:00,2560.656005859375
2023-09-15 00:00:00+09:00,2629.14501953125
2023-09-16 00:00:00+09:00,2629.14501953125
2023-09-17 00:00:00+09:00,2629.14501953125
2023-09-18 00:00:00+09:00,2629.14501953125
2023-09-19 00:00:00+09:00,2683.656982421875
2023-09-20 00:00:00+09:00,2608.178955078125
2023-09-21 00:00:00+09:00,2595.599365234375
2023-09-22 00:00:00+09:00,2598.39501953125
2023-09-23 00:00:00+09:00,2598.39501953125
2023-09-24 00:00:00+09:00,2598.39501953125
2023-09-25 00:00:00+09:00,2573.235595703125
2023-09-26 00:00:00+09:00,2531.303466796875
2023-09-27 00:00:00+09:00,2560.656005859375
2023-09-28 00:00:00+09:00,2549.350830078125
2023-09-29 00:00:00+09:00,2522.50048828125
2023-09-30 00:00:00+09:00,2522.50048828125
2023-10-01 00:00:00+09:00,2522.50048828125
2023-10-02 00:00:00+09:00,2531.45068359375
2023-10-03 00:00:00+09:00,2454.197509765625
2023-10-04 00:00:00+09:00,2334.07861328125
2023-10-05 00:00:00+09:00,2440.065673828125
2023-10-06 00:00:00+09:00,2423.107666015625
2023-10-07 00:00:00+09:00,2423.107666015625
2023-10-08 00:00:00+09:00,2423.107666015625
2023-10-09 00:00:00+09:00,2423.107666015625
2023-10-10 00:00:00+09:00,2472.568603515625
2023-10-11 00:00:00+09:00,2497.53466796875
2023-10-12 00:00:00+09:00,2581.38232421875
2023-10-13 00:00:00+09:00,2531.921630859375
2023-10-14 00:00:00+09:00,2531.921630859375
2023-10-15 00:00:00+09:00,2531.921630859375
2023-10-16 00:00:00+09:00,2506.013427734375
2023-10-17 00:00:00+09:00,2525.7978515625
2023-10-18 00:00:00+09:00,2514.492431640625
2023-10-19 00:00:00+09:00,2491.8818359375
2023-10-20 00:00:00+09:00,2465.5029296875
2023-10-21 00:00:00+09:00,2465.5029296875
2023-10-22 00:00:00+09:00,2465.5029296875
2023-10-23 00:00:00+09:00,2458.907958984375
2023-10-24 00:00:00+09:00,2447.131591796875
2023-10-25 00:00:00+09:00,2487.17138671875
2023-10-26 00:00:00+09:00,2444.30517578125
2023-10-27 00:00:00+09:00,2485.75830078125
2023-10-28 00:00:00+09:00,2485.75830078125
2023-10-29 00:00:00+09:00,2485.75830078125
2023-10-30 00:00:00+09:00,2424.9921875
2023-10-31 00:00:00+09:00,2440.065673828125
2023-11-01 00:00:00+09:00,2555.00341796875
2023-11-02 00:00:00+09:00,2600.224365234375
2023-11-03 00:00:00+09:00,2600.224365234375
2023-11-04 00:00:00+09:00,2600.224365234375
2023-11-05 00:00:00+09:00,2600.224365234375
2023-11-06 00:00:00+09:00,2681.245849609375
2023-11-07 00:00:00+09:00,2668.056640625
2023-11-08 00:00:00+09:00,2597.398193359375
2023-11-09 00:00:00+09:00,2654.39599609375
2023-11-10 00:00:00+09:00,2640.7353515625
2023-11-11 00:00:00+09:00,2640.7353515625
2023-11-12 00:00:00+09:00,2640.7353515625
2023-11-13 00:00:00+09:00,2653.925048828125
2023-11-14 00:00:00+09:00,2678.890625
2023-11-15 00:00:00+09:00,2694.435791015625
2023-11-16 00:00:00+09:00,2712.3359375
2023-11-17 00:00:00+09:00,2725.05419921875
2023-11-18 00:00:00+09:00,2725.05419921875
2023-11-19 00:00:00+09:00,2725.05419921875
2023-11-20 00:00:00+09:00,2619.06689453125
2023-11-21 00:00:00+09:00,2576.671630859375
2023-11-22 00:00:00+09:00,2570.54833984375
2023-11-23 00:00:00+09:00,2570.54833984375
2023-11-24 00:00:00+09:00,2640.7353515625
2023-11-25 00:00:00+09:00,2640.7353515625
2023-11-26 00:00:00+09:00,2640.7353515625
2023-11-27 00:00:00+09:00,2609.6455078125
2023-11-28 00:00:00+09:00,2595.51416015625
2023-11-29 00:00:00+09:00,2640.264404296875
2023-11-30 00:00:00+09:00,2632.727294921875
2023-12-01 00:00:00+09:00,2668.998291015625
2023-12-02 00:00:00+09:00,2668.998291015625
2023-12-03 00:00:00+09:00,2668.998291015625
2023-12-04 00:00:00+09:00,2607.29052734375
2023-12-05 00:00:00+09:00,2594.10107421875
2023-12-06 00:00:00+09:00,2663.345947265625
2023-12-07 00:00:00+09:00,2632.727294921875
2023-12-08 00:00:00+09:00,2525.32666015625
2023-12-09 00:00:00+09:00,2525.32666015625
2023-12-10 00:00:00+09:00,2525.32666015625
2023-12-11 00:00:00+09:00,2548.879638671875
2023-12-12 00:00:00+09:00,2526.268798828125
2023-12-13 00:00:00+09:00,2518.732177734375
2023-12-14 00:00:00+09:00,2422.636962890625
2023-12-15 00:00:00+09:00,2449.958251953125
2023-12-16 00:00:00+09:00,2449.958251953125
2023-12-17 00:00:00+09:00,2449.958251953125
2023-12-18 00:00:00+09:00,2467.85791015625
2023-12-19 00:00:00+09:00,2487.642578125
2023-12-20 00:00:00+09:00,2490.939697265625
2023-12-21 00:00:00+09:00,2390.60498046875
2023-12-22 00:00:00+09:00,2370.349853515625
2023-12-23 00:00:00+09:00,2370.349853515625
2023-12-24 00:00:00+09:00,2370.349853515625
2023-12-25 00:00:00+09:00,2390.134033203125
2023-12-26 00:00:00+09:00,2393.902587890625
2023-12-27 00:00:00+09:00,2433.47119140625
2023-12-28 00:00:00+09:00,2408.033935546875
2023-12-29 00:00:00+09:00,2440.537109375
2023-12-30 00:00:00+09:00,2440.537109375
2023-12-31 00:00:00+09:00,2440.537109375
2024-01-01 00:00:00+09:00,2440.537109375
2024-01-02 00:00:00+09:00,2440.537109375
2024-01-03 00:00:00+09:00,2440.537109375
2024-01-04 00:00:00+09:00,2482.460693359375
2024-01-05 00:00:00+09:00,2545.111328125
2024-01-06 00:00:00+09:00,2545.111328125
2024-01-07 00:00:00+09:00,2545.111328125
2024-01-08 00:00:00+09:00,2545.111328125
2024-01-09 00:00:00+09:00,2538.045166015625
2024-01-10 00:00:00+09:00,2586.0927734375
2024-01-11 00:00:00+09:00,2679.362060546875
2024-01-12 00:00:00+09:00,2672.76708984375
2024-01-13 00:00:00+09:00,2672.76708984375
2024-01-14 00:00:00+09:00,2672.76708984375
2024-01-15 00:00:00+09:00,2684.54345703125
2024-01-16 00:00:00+09:00,2689.254150390625
2024-01-17 00:00:00+09:00,2691.138427734375
2024-01-18 00:00:00+09:00,2761.796875
2024-01-19 00:00:00+09:00,2790.53076171875
2024-01-20 00:00:00+09:00,2790.53076171875
2024-01-21 00:00:00+09:00,2790.53076171875
2024-01-22 00:00:00+09:00,2809.373291015625
2024-01-23 00:00:00+09:00,2817.85205078125
2024-01-24 00:00:00+09:00,2788.175537109375
2024-01-25 00:00:00+09:00,2792.414794921875
2024-01-26 00:00:00+09:00,2725.05419921875
2024-01-27 00:00:00+09:00,2725.05419921875
2024-01-28 00:00:00+09:00,2725.05419921875
2024-01-29 00:00:00+09:00,2810.7861328125
2024-01-30 00:00:00+09:00,2788.175537109375
2024-01-31 00:00:00+09:00,2826.3310546875
2024-02-01 00:00:00+09:00,2774.51513671875
2024-02-02 00:00:00+09:00,2780.638671875
2024-02-03 00:00:00+09:00,2780.638671875
2024-02-04 00:00:00+09:00,2780.638671875
2024-02-05 00:00:00+09:00,2818.79443359375
2024-02-06 00:00:00+09:00,2953.51611328125
2024-02-07 00:00:00+09:00,3071.27978515625
2024-02-08 00:00:00+09:00,3156.069580078125
2024-02-09 00:00:00+09:00,3130.633056640625
2024-02-10 00:00:00+09:00,3130.633056640625
2024-02-11 00:00:00+09:00,3130.633056640625
2024-02-12 00:00:00+09:00,3130.633056640625
2024-02-13 00:00:00+09:00,3255.93359375
2024-02-14 00:00:00+09:00,3189.04345703125
2024-02-15 00:00:00+09:00,3186.21728515625
2024-02-16 00:00:00+09:00,3216.36474609375
2024-02-17 00:00:00+09:00,3216.36474609375
2024-02-18 00:00:00+09:00,3216.36474609375
2024-02-19 00:00:00+09:00,3231.4384765625
2024-02-20 00:00:00+09:00,3216.36474609375
2024-02-21 00:00:00+09:00,3230.49658203125
2024-02-22 00:00:00+09:00,3317.170654296875
2024-02-23 00:00:00+09:00,3317.170654296875
2024-02-24 00:00:00+09:00,3317.170654296875
2024-02-25 00:00:00+09:00,3317.170654296875
2024-02-26 00:00:00+09:00,3358.623291015625
2024-02-27 00:00:00+09:00,3374.639404296875
2024-02-28 00:00:00+09:00,3363.333984375
2024-02-29 00:00:00+09:00,3411.381591796875
2024-03-01 00:00:00+09:00,3466.966064453125
2024-03-02 00:00:00+09:00,3466.966064453125
2024-03-03 00:00:00+09:00,3466.966064453125
2024-03-04 00:00:00+09:00,3450.00830078125
2024-03-05 00:00:00+09:00,3513.12939453125
2024-03-06 00:00:00+09:00,3550.81396484375
2024-03-07 00:00:00+09:00,3448.1240234375
2024-03-08 00:00:00+09:00,3401.018310546875
2024-03-09 00:00:00+09:00,3401.018310546875
2024-03-10 00:00:00+09:00,3401.018310546875
2024-03-11 00:00:00+09:00,3295.502197265625
2024-03-12 00:00:00+09:00,3273.83349609375
2024-03-13 00:00:00+09:00,3244.628173828125
2024-03-14 00:00:00+09:00,3245.570068359375
2024-03-15 00:00:00+09:00,3286.0810546875
2024-03-16 00:00:00+09:00,3286.0810546875
2024-03-17 00:00:00+09:00,3286.0810546875
2024-03-18 00:00:00+09:00,3360.5078125
2024-03-19 00:00:00+09:00,3462.255615234375
2024-03-20 00:00:00+09:00,3462.255615234375
2024-03-21 00:00:00+09:00,3579.077392578125
2024-03-22 00:00:00+09:00,3647.851318359375
2024-03-23 00:00:00+09:00,3647.851318359375
2024-03-24 00:00:00+09:00,3647.851318359375
2024-03-25 00:00:00+09:00,3608.28271484375
2024-03-26 00:00:00+09:00,3627.125
2024-03-27 00:00:00+09:00,3629.951416015625
2024-03-28 00:00:00+09:00,3628.044921875
2024-03-29 00:00:00+09:00,3621.372314453125
2024-03-30 00:00:00+09:00,3621.372314453125
2024-03-31 00:00:00+09:00,3621.372314453125
2024-04-01 00:00:00+09:00,3468.85302734375
2024-04-02 00:00:00+09:00,3463.1337890625
2024-04-03 00:00:00+09:00,3450.741455078125
2024-04-04 00:00:00+09:00,3495.5439453125
2024-04-05 00:00:00+09:00,3449.788330078125
2024-04-06 00:00:00+09:00,3449.788330078125
2024-04-07 00:00:00+09:00,3449.788330078125
2024-04-08 00:00:00+09:00,3525.094482421875
2024-04-09 00:00:00+09:00,3599.447509765625
2024-04-10 00:00:00+09:00,3565.130859375
2024-04-11 00:00:00+09:00,3604.213623046875
2024-04-12 00:00:00+09:00,3590.8681640625
2024-04-13 00:00:00+09:00,3590.8681640625
2024-04-14 00:00:00+09:00,3590.8681640625
2024-04-15 00:00:00+09:00,3590.8681640625
2024-04-16 00:00:00+09:00,3478.385498046875
2024-04-17 00:00:00+09:00,3428.81689453125
2024-04-18 00:00:00+09:00,3433.5830078125
2024-04-19 00:00:00+09:00,3357.32373046875
2024-04-20 00:00:00+09:00,3357.32373046875
2024-04-21 00:00:00+09:00,3357.32373046875
2024-04-22 00:00:00+09:00,3352.557373046875
2024-04-23 00:00:00+09:00,3346.837890625
2024-04-24 00:00:00+09:00,3448.8349609375
2024-04-25 00:00:00+09:00,3333.49267578125
2024-04-26 00:00:00+09:00,3345.884765625
2024-04-27 00:00:00+09:00,3345.884765625
2024-04-28 00:00:00+09:00,3345.884765625
2024-04-29 00:00:00+09:00,3345.884765625
2024-04-30 00:00:00+09:00,3467.900146484375
2024-05-01 00:00:00+09:00,3436.44287109375
2024-05-02 00:00:00+09:00,3413.56494140625
2024-05-03 00:00:00+09:00,3413.56494140625
2024-05-04 00:00:00+09:00,3413.56494140625
2024-05-05 00:00:00+09:00,3413.56494140625
2024-05-06 00:00:00+09:00,3413.56494140625
2024-05-07 00:00:00+09:00,3430.7236328125
2024-05-08 00:00:00+09:00,3411.658447265625
2024-05-09 00:00:00+09:00,3363.04296875
2024-05-10 00:00:00+09:00,3264.859130859375
2024-05-11 00:00:00+09:00,3264.859130859375
2024-05-12 00:00:00+09:00,3264.859130859375
2024-05-13 00:00:00+09:00,3208.61767578125
2024-05-14 00:00:00+09:00,3230.542236328125
2024-05-15 00:00:00+09:00,3248.65380859375
2024-05-16 00:00:00+09:00,3195.272216796875
2024-05-17 00:00:00+09:00,3275.3447265625
2024-05-18 00:00:00+09:00,3275.3447265625
2024-05-19 00:00:00+09:00,3275.3447265625
2024-05-20 00:00:00+09:00,3285.830322265625
2024-05-21 00:00:00+09:00,3276.2978515625
2024-05-22 00:00:00+09:00,3229.5888671875
2024-05-23 00:00:00+09:00,3243.887451171875
2024-05-24 00:00:00+09:00,3234.355224609375
2024-05-25 00:00:00+09:00,3234.355224609375
2024-05-26 00:00:00+09:00,3234.355224609375
2024-05-27 00:00:00+09:00,3288.690185546875
2024-05-28 00:00:00+09:00,3286.78369140625
2024-05-29 00:00:00+09:00,3231.495361328125
2024-05-30 00:00:00+09:00,3174.301025390625
2024-05-31 00:00:00+09:00,3241.981201171875
2024-06-01 00:00:00+09:00,3241.981201171875
2024-06-02 00:00:00+09:00,3241.981201171875
2024-06-03 00:00:00+09:00,3184.786376953125
2024-06-04 00:00:00+09:00,3143.79736328125
2024-06-05 00:00:00+09:00,3067.53759765625
2024-06-06 00:00:00+09:00,3119.966064453125
2024-06-07 00:00:00+09:00,3068.490966796875
2024-06-08 00:00:00+09:00,3068.490966796875
2024-06-09 00:00:00+09:00,3068.490966796875
2024-06-10 00:00:00+09:00,3119.0126953125
2024-06-11 00:00:00+09:00,3101.8544921875
2024-06-12 00:00:00+09:00,3058.95849609375
2024-06-13 00:00:00+09:00,2981.745849609375
2024-06-14 00:00:00+09:00,2970.306884765625
2024-06-15 00:00:00+09:00,2970.306884765625
2024-06-16 00:00:00+09:00,2970.306884765625
2024-06-17 00:00:00+09:00,2894.047119140625
2024-06-18 00:00:00+09:00,2909.29931640625
2024-06-19 00:00:00+09:00,2961.7275390625
2024-06-20 00:00:00+09:00,2939.80322265625
2024-06-21 00:00:00+09:00,2930.2705078125
2024-06-22 00:00:00+09:00,2930.2705078125
2024-06-23 00:00:00+09:00,2930.2705078125
2024-06-24 00:00:00+09:00,3002.717041015625
2024-06-25 00:00:00+09:00,3141.890869140625
2024-06-26 00:00:00+09:00,3122.82568359375
2024-06-27 00:00:00+09:00,3110.43359375
2024-06-28 00:00:00+09:00,3136.171142578125
2024-06-29 00:00:00+09:00,3136.171142578125
2024-06-30 00:00:00+09:00,3136.171142578125
2024-07-01 00:00:00+09:00,3130.45166015625
2024-07-02 00:00:00+09:00,3177.160888671875
2024-07-03 00:00:00+09:00,3169.53466796875
2024-07-04 00:00:00+09:00,3232.44873046875
2024-07-05 00:00:00+09:00,3163.815185546875
2024-07-06 00:00:00+09:00,3163.815185546875
2024-07-07 00:00:00+09:00,3163.815185546875
2024-07-08 00:00:00+09:00,3131.405029296875
2024-07-09 00:00:00+09:00,3117.106201171875
2024-07-10 00:00:00+09:00,3137.12451171875
2024-07-11 00:00:00+09:00,3130.45166015625
2024-07-12 00:00:00+09:00,3120.919189453125
2024-07-13 00:00:00+09:00,3120.919189453125
2024-07-14 00:00:00+09:00,3120.919189453125
2024-07-15 00:00:00+09:00,3120.919189453125
2024-07-16 00:00:00+09:00,3116.153076171875
2024-07-17 00:00:00+09:00,3101.8544921875
2024-07-18 00:00:00+09:00,2994.137939453125
2024-07-19 00:00:00+09:00,2986.511962890625
2024-07-20 00:00:00+09:00,2986.511962890625
2024-07-21 00:00:00+09:00,2986.511962890625
2024-07-22 00:00:00+09:00,2945.5224609375
2024-07-23 00:00:00+09:00,2963.634033203125
2024-07-24 00:00:00+09:00,2955.0546875
2024-07-25 00:00:00+09:00,2878.795654296875
2024-07-26 00:00:00+09:00,2772.9853515625
2024-07-27 00:00:00+09:00,2772.9853515625
2024-07-28 00:00:00+09:00,2772.9853515625
2024-07-29 00:00:00+09:00,2828.2734375
2024-07-30 00:00:00+09:00,2856.39404296875
2024-07-31 00:00:00+09:00,2811.114990234375
2024-08-01 00:00:00+09:00,2572.80419921875
2024-08-02 00:00:00+09:00,2464.134521484375
2024-08-03 00:00:00+09:00,2464.134521484375
2024-08-04 00:00:00+09:00,2464.134521484375
2024-08-05 00:00:00+09:00,2127.639404296875
2024-08-06 00:00:00+09:00,2400.26708984375
2024-08-07 00:00:00+09:00,2383.58544921875
2024-08-08 00:00:00+09:00,2336.39990234375
2024-08-09 00:00:00+09:00,2333.0634765625
2024-08-10 00:00:00+09:00,2333.0634765625
2024-08-11 00:00:00+09:00,2333.0634765625
2024-08-12 00:00:00+09:00,2333.0634765625
2024-08-13 00:00:00+09:00,2410.7529296875
2024-08-14 00:00:00+09:00,2493.685302734375
2024-08-15 00:00:00+09:00,2533.24462890625
2024-08-16 00:00:00+09:00,2616.176513671875
2024-08-17 00:00:00+09:00,2616.176513671875
2024-08-18 00:00:00+09:00,2616.176513671875
2024-08-19 00:00:00+09:00,2536.104248046875
2024-08-20 00:00:00+09:00,2561.365478515625
2024-08-21 00:00:00+09:00,2566.608154296875
2024-08-22 00:00:00+09:00,2540.39404296875
2024-08-23 00:00:00+09:00,2556.59912109375
2024-08-24 00:00:00+09:00,2556.59912109375
2024-08-25 00:00:00+09:00,2556.59912109375
2024-08-26 00:00:00+09:00,2476.050048828125
2024-08-27 00:00:00+09:00,2520.375732421875
2024-08-28 00:00:00+09:00,2618.083251953125
2024-08-29 00:00:00+09:00,2593.298828125
2024-08-30 00:00:00+09:00,2630.475341796875
2024-08-31 00:00:00+09:00,2630.475341796875
2024-09-01 00:00:00+09:00,2630.475341796875
2024-09-02 00:00:00+09:00,2650.970458984375
2024-09-03 00:00:00+09:00,2642.390869140625
2024-09-04 00:00:00+09:00,2548.97314453125
2024-09-05 00:00:00+09:00,2493.685302734375
2024-09-06 00:00:00+09:00,2461.751220703125
2024-09-07 00:00:00+09:00,2461.751220703125
2024-09-08 00:00:00+09:00,2461.751220703125
2024-09-09 00:00:00+09:00,2383.10888671875
2024-09-10 00:00:00+09:00,2382.63232421875
2024-09-11 00:00:00+09:00,2308.755615234375
2024-09-12 00:00:00+09:00,2395.5009765625
2024-09-13 00:00:00+09:00,2340.212646484375
2024-09-14 00:00:00+09:00,2340.212646484375
2024-09-15 00:00:00+09:00,2340.212646484375
2024-09-16 00:00:00+09:00,2340.212646484375
2024-09-17 00:00:00+09:00,2293.50390625
2024-09-18 00:00:00+09:00,2368.810302734375
2024-09-19 00:00:00+09:00,2488.442138671875
2024-09-20 00:00:00+09:00,2510.84326171875
2024-09-21 00:00:00+09:00,2510.84326171875
2024-09-22 00:00:00+09:00,2510.84326171875
2024-09-23 00:00:00+09:00,2510.84326171875
2024-09-24 00:00:00+09:00,2494.638427734375
2024-09-25 00:00:00+09:00,2519.89892578125
2024-09-26 00:00:00+09:00,2599.0185546875
2024-09-27 00:00:00+09:00,2661.902099609375
2024-09-28 00:00:00+09:00,2661.902099609375
2024-09-29 00:00:00+09:00,2661.902099609375
2024-09-30 00:00:00+09:00,2459.70751953125
2024-10-01 00:00:00+09:00,2511.465576171875
2024-10-02 00:00:00+09:00,2485.828369140625
2024-10-03 00:00:00+09:00,2516.786376953125
2024-10-04 00:00:00+09:00,2501.791259765625
2024-10-05 00:00:00+09:00,2501.791259765625
2024-10-06 00:00:00+09:00,2501.791259765625
2024-10-07 00:00:00+09:00,2559.353759765625
2024-10-08 00:00:00+09:00,2484.377197265625
2024-10-09 00:00:00+09:00,2480.02392578125
2024-10-10 00:00:00+09:00,2496.9541015625
2024-10-11 00:00:00+09:00,2478.572509765625
2024-10-12 00:00:00+09:00,2478.572509765625
2024-10-13 00:00:00+09:00,2478.572509765625
2024-10-14 00:00:00+09:00,2478.572509765625
2024-10-15 00:00:00+09:00,2471.800537109375
2024-10-16 00:00:00+09:00,2443.26123046875
2024-10-17 00:00:00+09:00,2467.447021484375
2024-10-18 00:00:00+09:00,2469.3818359375
2024-10-19 00:00:00+09:00,2469.3818359375
2024-10-20 00:00:00+09:00,2469.3818359375
2024-10-21 00:00:00+09:00,2458.740234375
2024-10-22 00:00:00+09:00,2462.126220703125
2024-10-23 00:00:00+09:00,2535.167724609375
2024-10-24 00:00:00+09:00,2517.75390625
2024-10-25 00:00:00+09:00,2515.335205078125
2024-10-26 00:00:00+09:00,2515.335205078125
2024-10-27 00:00:00+09:00,2515.335205078125
2024-10-28 00:00:00+09:00,2618.85107421875
2024-10-29 00:00:00+09:00,2611.59521484375
2024-10-30 00:00:00+09:00,2623.20458984375
2024-10-31 00:00:00+09:00,2595.14892578125
2024-11-01 00:00:00+09:00,2530.33056640625
2024-11-02 00:00:00+09:00,2530.33056640625
2024-11-03 00:00:00+09:00,2530.33056640625
2024-11-04 00:00:00+09:00,2530.33056640625
2024-11-05 00:00:00+09:00,2553.065185546875
2024-11-06 00:00:00+09:00,2597.083740234375
2024-11-07 00:00:00+09:00,2672.059814453125
2024-11-08 00:00:00+09:00,2575.800048828125
2024-11-09 00:00:00+09:00,2575.800048828125
2024-11-10 00:00:00+09:00,2575.800048828125
2024-11-11 00:00:00+09:00,2567.093017578125
2024-11-12 00:00:00+09:00,2628.525390625
2024-11-13 00:00:00+09:00,2575.31640625
2024-11-14 00:00:00+09:00,2579.18603515625
2024-11-15 00:00:00+09:00,2615.94873046875
2024-11-16 00:00:00+09:00,2615.94873046875
2024-11-17 00:00:00+09:00,2615.94873046875
2024-11-18 00:00:00+09:00,2588.8603515625
2024-11-19 00:00:00+09:00,2641.585693359375
2024-11-20 00:00:00+09:00,2610.627685546875
2024-11-21 00:00:00+09:00,2587.409423828125
2024-11-22 00:00:00+09:00,2577.73486328125
2024-11-23 00:00:00+09:00,2577.73486328125
2024-11-24 00:00:00+09:00,2577.73486328125
2024-11-25 00:00:00+09:00,2606.758056640625
2024-11-26 00:00:00+09:00,2580.63720703125
2024-11-27 00:00:00+09:00,2487.279541015625
2024-11-28 00:00:00+09:00,2522.107177734375
2024-11-29 00:00:00+09:00,2468.41455078125
2024-11-30 00:00:00+09:00,2468.41455078125
2024-12-01 00:00:00+09:00,2468.41455078125
2024-12-02 00:00:00+09:00,2525.97705078125
2024-12-03 00:00:00+09:00,2565.641845703125
2024-12-04 00:00:00+09:00,2545.32568359375
2024-12-05 00:00:00+09:00,2546.293212890625
2024-12-06 00:00:00+09:00,2543.390869140625
2024-12-07 00:00:00+09:00,2543.390869140625
2024-12-08 00:00:00+09:00,2543.390869140625
2024-12-09 00:00:00+09:00,2559.353759765625
2024-12-10 00:00:00+09:00,2592.24658203125
2024-12-11 00:00:00+09:00,2595.14892578125
2024-12-12 00:00:00+09:00,2629.9765625
2024-12-13 00:00:00+09:00,2609.66015625
2024-12-14 00:00:00+09:00,2609.66015625
2024-12-15 00:00:00+09:00,2609.66015625
2024-12-16 00:00:00+09:00,2604.339599609375
2024-12-17 00:00:00+09:00,2585.474609375
2024-12-18 00:00:00+09:00,2637.716064453125
2024-12-19 00:00:00+09:00,2635.29736328125
2024-12-20 00:00:00+09:00,2681.25048828125
2024-12-21 00:00:00+09:00,2681.25048828125
2024-12-22 00:00:00+09:00,2681.25048828125
2024-12-23 00:00:00+09:00,2744.61767578125
2024-12-24 00:00:00+09:00,2742.682861328125
2024-12-25 00:00:00+09:00,2867.9658203125
2024-12-26 00:00:00+09:00,3039.685791015625
2024-12-27 00:00:00+09:00,3084.18798828125
2024-12-28 00:00:00+09:00,3084.18798828125
2024-12-29 00:00:00+09:00,3084.18798828125
2024-12-30 00:00:00+09:00,3043.555419921875
2024-12-31 00:00:00+09:00,3043.555419921875
2025-01-01 00:00:00+09:00,3043.555419921875
2025-01-02 00:00:00+09:00,3043.555419921875
2025-01-03 00:00:00+09:00,3043.555419921875
2025-01-04 00:00:00+09:00,3043.555419921875
2025-01-05 00:00:00+09:00,3043.555419921875
2025-01-06 00:00:00+09:00,2912.95166015625
2025-01-07 00:00:00+09:00,2952.61669921875
2025-01-08 00:00:00+09:00,2972.932861328125
2025-01-09 00:00:00+09:00,2907.147216796875
2025-01-10 00:00:00+09:00,2836.524169921875
2025-01-11 00:00:00+09:00,2836.524169921875
2025-01-12 00:00:00+09:00,2836.524169921875
2025-01-13 00:00:00+09:00,2836.524169921875
2025-01-14 00:00:00+09:00,2812.822021484375
2025-01-15 00:00:00+09:00,2806.53369140625
2025-01-16 00:00:00+09:00,2744.61767578125
2025-01-17 00:00:00+09:00,2697.21337890625
2025-01-18 00:00:00+09:00,2697.21337890625
2025-01-19 00:00:00+09:00,2697.21337890625
2025-01-20 00:00:00+09:00,2776.54296875
2025-01-21 00:00:00+09:00,2781.864013671875
2025-01-22 00:00:00+09:00,2820.5615234375
2025-01-23 00:00:00+09:00,2829.752197265625
2025-01-24 00:00:00+09:00,2788.635986328125
2025-01-25 00:00:00+09:00,2788.635986328125
2025-01-26 00:00:00+09:00,2788.635986328125
2025-01-27 00:00:00+09:00,2826.849853515625
2025-01-28 00:00:00+09:00,2795.408203125
2025-01-29 00:00:00+09:00,2834.58935546875
2025-01-30 00:00:00+09:00,2852.970458984375
2025-01-31 00:00:00+09:00,2876.672607421875
2025-02-01 00:00:00+09:00,2876.672607421875
2025-02-02 00:00:00+09:00,2876.672607421875
2025-02-03 00:00:00+09:00,2732.524658203125
2025-02-04 00:00:00+09:00,2779.4453125
2025-02-05 00:00:00+09:00,2866.514892578125
2025-02-06 00:00:00+09:00,2808.952392578125
2025-02-07 00:00:00+09:00,2732.524658203125
2025-02-08 00:00:00+09:00,2732.524658203125
2025-02-09 00:00:00+09:00,2732.524658203125
2025-02-10 00:00:00+09:00,2733.492431640625
2025-02-11 00:00:00+09:00,2733.492431640625
2025-02-12 00:00:00+09:00,2708.822509765625
2025-02-13 00:00:00+09:00,2733.492431640625
2025-02-14 00:00:00+09:00,2713.176025390625
2025-02-15 00:00:00+09:00,2713.176025390625
2025-02-16 00:00:00+09:00,2713.176025390625
2025-02-17 00:00:00+09:00,2683.185546875
2025-02-18 00:00:00+09:00,2712.692138671875
2025-02-19 00:00:00+09:00,2665.771728515625
2025-02-20 00:00:00+09:00,2622.237060546875
2025-02-21 00:00:00+09:00,2617.883544921875
2025-02-22 00:00:00+09:00,2617.883544921875
2025-02-23 00:00:00+09:00,2617.883544921875
2025-02-24 00:00:00+09:00,2617.883544921875
2025-02-25 00:00:00+09:00,2622.237060546875
2025-02-26 00:00:00+09:00,2636.2646484375
2025-02-27 00:00:00+09:00,2693.343505859375
2025-02-28 00:00:00+09:00,2601.43701171875
2025-03-01 00:00:00+09:00,2601.43701171875
2025-03-02 00:00:00+09:00,2601.43701171875
2025-03-03 00:00:00+09:00,2703.9853515625
2025-03-04 00:00:00+09:00,2663.8369140625
2025-03-05 00:00:00+09:00,2756.710693359375
2025-03-06 00:00:00+09:00,2730.58984375
2025-03-07 00:00:00+09:00,2711.724853515625
2025-03-08 00:00:00+09:00,2711.724853515625
2025-03-09 00:00:00+09:00,2711.724853515625
2025-03-10 00:00:00+09:00,2736.878173828125
2025-03-11 00:00:00+09:00,2664.80419921875
2025-03-12 00:00:00+09:00,2671.576171875
2025-03-13 00:00:00+09:00,2630.460205078125
2025-03-14 00:00:00+09:00,2657.064697265625
2025-03-15 00:00:00+09:00,2657.064697265625
2025-03-16 00:00:00+09:00,2657.064697265625
2025-03-17 00:00:00+09:00,2670.60888671875
2025-03-18 00:00:00+09:00,2746.552490234375
2025-03-19 00:00:00+09:00,2797.826904296875
2025-03-20 00:00:00+09:00,2797.826904296875
2025-03-21 00:00:00+09:00,2751.87353515625
2025-03-22 00:00:00+09:00,2751.87353515625
2025-03-23 00:00:00+09:00,2751.87353515625
2025-03-24 00:00:00+09:00,2769.77099609375
2025-03-25 00:00:00+09:00,2788.635986328125
2025-03-26 00:00:00+09:00,2793.47314453125
2025-03-27 00:00:00+09:00,2736.39453125
2025-03-28 00:00:00+09:00,2659.576416015625
2025-03-29 00:00:00+09:00,2659.576416015625
2025-03-30 00:00:00+09:00,2659.576416015625
2025-03-31 00:00:00+09:00,2576.35693359375
2025-04-01 00:00:00+09:00,2590.63720703125
2025-04-02 00:00:00+09:00,2615.750732421875
2025-04-03 00:00:00+09:00,2480.33447265625
2025-04-04 00:00:00+09:00,2371.0166015625
2025-04-05 00:00:00+09:00,2371.0166015625
2025-04-06 00:00:00+09:00,2371.0166015625
2025-04-07 00:00:00+09:00,2232.1533203125
2025-04-08 00:00:00+09:00,2391.6982421875
2025-04-09 00:00:00+09:00,2329.653076171875
2025-04-10 00:00:00+09:00,2504.463134765625
2025-04-11 00:00:00+09:00,2383.3271484375
2025-04-12 00:00:00+09:00,2383.3271484375
2025-04-13 00:00:00+09:00,2383.3271484375
2025-04-14 00:00:00+09:00,2373.478759765625
2025-04-15 00:00:00+09:00,2461.1298828125
2025-04-16 00:00:00+09:00,2461.1298828125
2025-04-17 00:00:00+09:00,2460.637451171875
2025-04-18 00:00:00+09:00,2505.447998046875
2025-04-19 00:00:00+09:00,2505.447998046875
2025-04-20 00:00:00+09:00,2505.447998046875
2025-04-21 00:00:00+09:00,2433.061767578125
2025-04-22 00:00:00+09:00,2421.736083984375
2025-04-23 00:00:00+09:00,2542.872314453125
2025-04-24 00:00:00+09:00,2617.22802734375
2025-04-25 00:00:00+09:00,2649.235595703125
2025-04-26 00:00:00+09:00,2649.235595703125
2025-04-27 00:00:00+09:00,2649.235595703125
2025-04-28 00:00:00+09:00,2744.273193359375
2025-04-29 00:00:00+09:00,2744.273193359375
2025-04-30 00:00:00+09:00,2687.64453125
2025-05-01 00:00:00+09:00,2709.311279296875
2025-05-02 00:00:00+09:00,2737.87158203125
2025-05-03 00:00:00+09:00,2737.87158203125
2025-05-04 00:00:00+09:00,2737.87158203125
2025-05-05 00:00:00+09:00,2737.87158203125
2025-05-06 00:00:00+09:00,2737.87158203125
2025-05-07 00:00:00+09:00,2664.9931640625
2025-05-08 00:00:00+09:00,2631.015869140625
2025-05-09 00:00:00+09:00,2678.28857421875
2025-05-10 00:00:00+09:00,2678.28857421875
2025-05-11 00:00:00+09:00,2678.28857421875
2025-05-12 00:00:00+09:00,2711.773193359375
2025-05-13 00:00:00+09:00,2806.81103515625
2025-05-14 00:00:00+09:00,2707.833984375
2025-05-15 00:00:00+09:00,2616.735595703125
2025-05-16 00:00:00+09:00,2602.455322265625
2025-05-17 00:00:00+09:00,2602.455322265625
2025-05-18 00:00:00+09:00,2602.455322265625
2025-05-19 00:00:00+09:00,2624.614501953125
2025-05-20 00:00:00+09:00,2632.000732421875
2025-05-21 00:00:00+09:00,2622.15234375
2025-05-22 00:00:00+09:00,2580.29638671875
2025-05-23 00:00:00+09:00,2583.743408203125
2025-05-24 00:00:00+09:00,2583.743408203125
2025-05-25 00:00:00+09:00,2583.743408203125
2025-05-26 00:00:00+09:00,2581.773681640625
2025-05-27 00:00:00+09:00,2599.9931640625
2025-05-28 00:00:00+09:00,2591.6220703125
2025-05-29 00:00:00+09:00,2693.061279296875
2025-05-30 00:00:00+09:00,2727.038330078125
2025-05-31 00:00:00+09:00,2727.038330078125
2025-06-01 00:00:00+09:00,2727.038330078125
2025-06-02 00:00:00+09:00,2650.220458984375
2025-06-03 00:00:00+09:00,2634.462890625
2025-06-04 00:00:00+09:00,2683.212646484375
2025-06-05 00:00:00+09:00,2610.334228515625
2025-06-06 00:00:00+09:00,2611.8115234375
2025-06-07 00:00:00+09:00,2611.8115234375
2025-06-08 00:00:00+09:00,2611.8115234375
2025-06-09 00:00:00+09:00,2599.9931640625
2025-06-10 00:00:00+09:00,2617.22802734375
2025-06-11 00:00:00+09:00,2615.750732421875
2025-06-12 00:00:00+09:00,2576.849365234375
2025-06-13 00:00:00+09:00,2516.28125
2025-06-14 00:00:00+09:00,2516.28125
2025-06-15 00:00:00+09:00,2516.28125
2025-06-16 00:00:00+09:00,2515.7890625
2025-06-17 00:00:00+09:00,2499.5390625
2025-06-18 00:00:00+09:00,2530.069091796875
2025-06-19 00:00:00+09:00,2487.228515625
2025-06-20 00:00:00+09:00,2464.576904296875
2025-06-21 00:00:00+09:00,2464.576904296875
2025-06-22 00:00:00+09:00,2464.576904296875
2025-06-23 00:00:00+09:00,2455.71337890625
2025-06-24 00:00:00+09:00,2452.266357421875
2025-06-25 00:00:00+09:00,2423.21337890625
2025-06-26 00:00:00+09:00,2419.27392578125
2025-06-27 00:00:00+09:00,2488.70556640625
2025-06-28 00:00:00+09:00,2488.70556640625
2025-06-29 00:00:00+09:00,2488.70556640625
2025-06-30 00:00:00+09:00,2455.220947265625
2025-07-01 00:00:00+09:00,2415.8271484375
2025-07-02 00:00:00+09:00,2428.1376953125
2025-07-03 00:00:00+09:00,2473.440673828125
2025-07-04 00:00:00+09:00,2446.849609375
2025-07-05 00:00:00+09:00,2446.849609375
2025-07-06 00:00:00+09:00,2446.849609375
2025-07-07 00:00:00+09:00,2416.319580078125
2025-07-08 00:00:00+09:00,2427.645263671875
2025-07-09 00:00:00+09:00,2449.80419921875
2025-07-10 00:00:00+09:00,2436.016357421875
2025-07-11 00:00:00+09:00,2469.99365234375
2025-07-12 00:00:00+09:00,2469.99365234375
2025-07-13 00:00:00+09:00,2469.99365234375
2025-07-14 00:00:00+09:00,2493.137451171875
2025-07-15 00:00:00+09:00,2493.6298828125
2025-07-16 00:00:00+09:00,2471.470947265625
2025-07-17 00:00:00+09:00,2482.30419921875
2025-07-18 00:00:00+09:00,2477.872314453125
2025-07-19 00:00:00+09:00,2477.872314453125
2025-07-20 00:00:00+09:00,2477.872314453125
2025-07-21 00:00:00+09:00,2477.872314453125
2025-07-22 00:00:00+09:00,2458.66796875
2025-07-23 00:00:00+09:00,2811.24267578125
2025-07-24 00:00:00+09:00,2801.394287109375
2025-07-25 00:00:00+09:00,2744.765625
2025-07-26 00:00:00+09:00,2744.765625
2025-07-27 00:00:00+09:00,2744.765625
2025-07-28 00:00:00+09:00,2762.492919921875
2025-07-29 00:00:00+09:00,2699.955078125
2025-07-30 00:00:00+09:00,2701.9248046875
2025-07-31 00:00:00+09:00,2655.636962890625
2025-08-01 00:00:00+09:00,2683.212646484375
2025-08-02 00:00:00+09:00,2683.212646484375
2025-08-03 00:00:00+09:00,2683.212646484375
2025-08-04 00:00:00+09:00,2634.462890625
2025-08-05 00:00:00+09:00,2638.40234375
2025-08-06 00:00:00+09:00,2679.765869140625
2025-08-07 00:00:00+09:00,2639.38720703125
2025-08-08 00:00:00+09:00,2730.977783203125
2025-08-09 00:00:00+09:00,2730.977783203125
2025-08-10 00:00:00+09:00,2730.977783203125
2025-08-11 00:00:00+09:00,2730.977783203125
2025-08-12 00:00:00+09:00,2811.735107421875
2025-08-13 00:00:00+09:00,2831.43212890625
2025-08-14 00:00:00+09:00,2762.492919921875
2025-08-15 00:00:00+09:00,2810.750244140625
2025-08-16 00:00:00+09:00,2810.750244140625
2025-08-17 00:00:00+09:00,2810.750244140625
2025-08-18 00:00:00+09:00,2859.0078125
2025-08-19 00:00:00+09:00,2880.67431640625
2025-08-20 00:00:00+09:00,2892.492431640625
2025-08-21 00:00:00+09:00,2859.99267578125
2025-08-22 00:00:00+09:00,2898.401611328125
2025-08-23 00:00:00+09:00,2898.401611328125
2025-08-24 00:00:00+09:00,2898.401611328125
2025-08-25 00:00:00+09:00,2895.447021484375
2025-08-26 00:00:00+09:00,2854.575927734375
2025-08-27 00:00:00+09:00,2860.485107421875
2025-08-28 00:00:00+09:00,2874.765380859375
2025-08-29 00:00:00+09:00,2829.46240234375
2025-08-30 00:00:00+09:00,2829.46240234375
2025-08-31 00:00:00+09:00,2829.46240234375
2025-09-01 00:00:00+09:00,2815.18212890625
2025-09-02 00:00:00+09:00,2825.52294921875
2025-09-03 00:00:00+09:00,2808.2880859375
2025-09-04 00:00:00+09:00,2860.9775390625
2025-09-05 00:00:00+09:00,2917.606201171875
2025-09-06 00:00:00+09:00,2917.606201171875
2025-09-07 00:00:00+09:00,2917.606201171875
2025-09-08 00:00:00+09:00,2924.992431640625
2025-09-09 00:00:00+09:00,2904.310546875
2025-09-10 00:00:00+09:00,2869.3486328125
2025-09-11 00:00:00+09:00,2842.7578125
2025-09-12 00:00:00+09:00,2845.219970703125
2025-09-13 00:00:00+09:00,2845.219970703125
2025-09-14 00:00:00+09:00,2845.219970703125
2025-09-15 00:00:00+09:00,2845.219970703125
2025-09-16 00:00:00+09:00,2890.030517578125
2025-09-17 00:00:00+09:00,2905.787841796875
2025-09-18 00:00:00+09:00,2895.939453125
2025-09-19 00:00:00+09:00,2878.70458984375
2025-09-20 00:00:00+09:00,2878.70458984375
2025-09-21 00:00:00+09:00,2878.70458984375
2025-09-22 00:00:00+09:00,2919.083251953125
2025-09-23 00:00:00+09:00,2919.083251953125
2025-09-24 00:00:00+09:00,2885.106201171875
2025-09-25 00:00:00+09:00,2916.621337890625
2025-09-26 00:00:00+09:00,2924.5
2025-09-27 00:00:00+09:00,2924.5
2025-09-28 00:00:00+09:00,2924.5
2025-09-29 00:00:00+09:00,2870.0
2025-09-30 00:00:00+09:00,2849.5
2025-10-01 00:00:00+09:00,2821.5
2025-10-02 00:00:00+09:00,2805.0
2025-10-03 00:00:00+09:00,2839.5
2025-10-04 00:00:00+09:00,2839.5
2025-10-05 00:00:00+09:00,2839.5
2025-10-06 00:00:00+09:00,2974.0
2025-10-07 00:00:00+09:00,3023.0
2025-10-08 00:00:00+09:00,3009.0
2025-10-09 00:00:00+09:00,2947.5
2025-10-10 00:00:00+09:00,2898.5
2025-10-11 00:00:00+09:00,2898.5
2025-10-12 00:00:00+09:00,2898.5
2025-10-13 00:00:00+09:00,2898.5
2025-10-14 00:00:00+09:00,2871.5
2025-10-15 00:00:00+09:00,2913.5
2025-10-16 00:00:00+09:00,2954.5
2025-10-17 00:00:00+09:00,2933.5
2025-10-18 00:00:00+09:00,2933.5
2025-10-19 00:00:00+09:00,2933.5
2025-10-20 00:00:00+09:00,3003.0
2025-10-21 00:00:00+09:00,3005.0
2025-10-22 00:00:00+09:00,3104.0
2025-10-23 00:00:00+09:00,3091.0
2025-10-24 00:00:00+09:00,3127.0
2025-10-25 00:00:00+09:00,3127.0
2025-10-26 00:00:00+09:00,3127.0
2025-10-27 00:00:00+09:00,3218.0
2025-10-28 00:00:00+09:00,3171.0
2025-10-29 00:00:00+09:00,3146.0
2025-10-30 00:00:00+09:00,3185.0
2025-10-31 00:00:00+09:00,3138.0
2025-11-01 00:00:00+09:00,3138.0
2025-11-02 00:00:00+09:00,3138.0
2025-11-03 00:00:00+09:00,3138.0
2025-11-04 00:00:00+09:00,3155.0
2025-11-05 00:00:00+09:00,3040.0
2025-11-06 00:00:00+09:00,3139.0
2025-11-07 00:00:00+09:00,3118.0
2025-11-08 00:00:00+09:00,3118.0
2025-11-09 00:00:00+09:00,3118.0
2025-11-10 00:00:00+09:00,3131.0
2025-11-11 00:00:00+09:00,3147.0
2025-11-12 00:00:00+09:00,3190.0
2025-11-13 00:00:00+09:00,3198.0
2025-11-14 00:00:00+09:00,3180.0
2025-11-15 00:00:00+09:00,3180.0
2025-11-16 00:00:00+09:00,3180.0
2025-11-17 00:00:00+09:00,3119.0
2025-11-18 00:00:00+09:00,3029.0
2025-11-19 00:00:00+09:00,3037.0
2025-11-20 00:00:00+09:00,3044.0
2025-11-21 00:00:00+09:00,3097.0
2025-11-22 00:00:00+09:00,3097.0
2025-11-23 00:00:00+09:00,3097.0
2025-11-24 00:00:00+09:00,3097.0
2025-11-25 00:00:00+09:00,3077.0
2025-11-26 00:00:00+09:00,3141.0
2025-11-27 00:00:00+09:00,3138.0
2025-11-28 00:00:00+09:00,3133.0
2025-11-29 00:00:00+09:00,3133.0
2025-11-30 00:00:00+09:00,3133.0
2025-12-01 00:00:00+09:00,3082.0
2025-12-02 00:00:00+09:00,3045.0
2025-12-03 00:00:00+09:00,3005.0
2025-12-04 00:00:00+09:00,3103.0
2025-12-05 00:00:00+09:00,3032.0
2025-12-06 00:00:00+09:00,3032.0
2025-12-07 00:00:00+09:00,3032.0
2025-12-08 00:00:00+09:00,3060.0
2025-12-09 00:00:00+09:00,3066.0
2025-12-10 00:00:00+09:00,3116.0
2025-12-11 00:00:00+09:00,3110.0
2025-12-12 00:00:00+09:00,3208.0
